[2025-05-22 08:35:42] local.ERROR: SQLSTATE[HY000] [1045] Access denied for user 'root'@'localhost' (using password: NO) (Connection: mysql, SQL: select * from information_schema.tables where table_schema = esnad and table_name = migrations and table_type = 'BASE TABLE') {"exception":"[object] (Illuminate\\Database\\QueryException(code: 1045): SQLSTATE[HY000] [1045] Access denied for user 'root'@'localhost' (using password: NO) (Connection: mysql, SQL: select * from information_schema.tables where table_schema = esnad and table_name = migrations and table_type = 'BASE TABLE') at /Users/greelogix/Herd/dev.esnadbusiness.com/vendor/laravel/framework/src/Illuminate/Database/Connection.php:795)
[stacktrace]
#0 /Users/greelogix/Herd/dev.esnadbusiness.com/vendor/laravel/framework/src/Illuminate/Database/Connection.php(755): Illuminate\\Database\\Connection->runQueryCallback('select * from i...', Array, Object(Closure))
#1 /Users/greelogix/Herd/dev.esnadbusiness.com/vendor/laravel/framework/src/Illuminate/Database/Connection.php(407): Illuminate\\Database\\Connection->run('select * from i...', Array, Object(Closure))
#2 /Users/greelogix/Herd/dev.esnadbusiness.com/vendor/laravel/framework/src/Illuminate/Database/Connection.php(394): Illuminate\\Database\\Connection->select('select * from i...', Array, false)
#3 /Users/greelogix/Herd/dev.esnadbusiness.com/vendor/laravel/framework/src/Illuminate/Database/Schema/MySqlBuilder.php(43): Illuminate\\Database\\Connection->selectFromWriteConnection('select * from i...', Array)
#4 /Users/greelogix/Herd/dev.esnadbusiness.com/vendor/laravel/framework/src/Illuminate/Database/Migrations/DatabaseMigrationRepository.php(184): Illuminate\\Database\\Schema\\MySqlBuilder->hasTable('migrations')
#5 /Users/greelogix/Herd/dev.esnadbusiness.com/vendor/laravel/framework/src/Illuminate/Database/Migrations/Migrator.php(700): Illuminate\\Database\\Migrations\\DatabaseMigrationRepository->repositoryExists()
#6 /Users/greelogix/Herd/dev.esnadbusiness.com/vendor/laravel/framework/src/Illuminate/Database/Console/Migrations/StatusCommand.php(53): Illuminate\\Database\\Migrations\\Migrator->repositoryExists()
#7 /Users/greelogix/Herd/dev.esnadbusiness.com/vendor/laravel/framework/src/Illuminate/Database/Migrations/Migrator.php(633): Illuminate\\Database\\Console\\Migrations\\StatusCommand->Illuminate\\Database\\Console\\Migrations\\{closure}()
#8 /Users/greelogix/Herd/dev.esnadbusiness.com/vendor/laravel/framework/src/Illuminate/Database/Console/Migrations/StatusCommand.php(52): Illuminate\\Database\\Migrations\\Migrator->usingConnection(NULL, Object(Closure))
#9 /Users/greelogix/Herd/dev.esnadbusiness.com/vendor/laravel/framework/src/Illuminate/Container/BoundMethod.php(36): Illuminate\\Database\\Console\\Migrations\\StatusCommand->handle()
#10 /Users/greelogix/Herd/dev.esnadbusiness.com/vendor/laravel/framework/src/Illuminate/Container/Util.php(41): Illuminate\\Container\\BoundMethod::Illuminate\\Container\\{closure}()
#11 /Users/greelogix/Herd/dev.esnadbusiness.com/vendor/laravel/framework/src/Illuminate/Container/BoundMethod.php(93): Illuminate\\Container\\Util::unwrapIfClosure(Object(Closure))
#12 /Users/greelogix/Herd/dev.esnadbusiness.com/vendor/laravel/framework/src/Illuminate/Container/BoundMethod.php(35): Illuminate\\Container\\BoundMethod::callBoundMethod(Object(Illuminate\\Foundation\\Application), Array, Object(Closure))
#13 /Users/greelogix/Herd/dev.esnadbusiness.com/vendor/laravel/framework/src/Illuminate/Container/Container.php(662): Illuminate\\Container\\BoundMethod::call(Object(Illuminate\\Foundation\\Application), Array, Array, NULL)
#14 /Users/greelogix/Herd/dev.esnadbusiness.com/vendor/laravel/framework/src/Illuminate/Console/Command.php(208): Illuminate\\Container\\Container->call(Array)
#15 /Users/greelogix/Herd/dev.esnadbusiness.com/vendor/symfony/console/Command/Command.php(326): Illuminate\\Console\\Command->execute(Object(Symfony\\Component\\Console\\Input\\ArgvInput), Object(Illuminate\\Console\\OutputStyle))
#16 /Users/greelogix/Herd/dev.esnadbusiness.com/vendor/laravel/framework/src/Illuminate/Console/Command.php(177): Symfony\\Component\\Console\\Command\\Command->run(Object(Symfony\\Component\\Console\\Input\\ArgvInput), Object(Illuminate\\Console\\OutputStyle))
#17 /Users/greelogix/Herd/dev.esnadbusiness.com/vendor/symfony/console/Application.php(1081): Illuminate\\Console\\Command->run(Object(Symfony\\Component\\Console\\Input\\ArgvInput), Object(Symfony\\Component\\Console\\Output\\ConsoleOutput))
#18 /Users/greelogix/Herd/dev.esnadbusiness.com/vendor/symfony/console/Application.php(320): Symfony\\Component\\Console\\Application->doRunCommand(Object(Illuminate\\Database\\Console\\Migrations\\StatusCommand), Object(Symfony\\Component\\Console\\Input\\ArgvInput), Object(Symfony\\Component\\Console\\Output\\ConsoleOutput))
#19 /Users/greelogix/Herd/dev.esnadbusiness.com/vendor/symfony/console/Application.php(174): Symfony\\Component\\Console\\Application->doRun(Object(Symfony\\Component\\Console\\Input\\ArgvInput), Object(Symfony\\Component\\Console\\Output\\ConsoleOutput))
#20 /Users/greelogix/Herd/dev.esnadbusiness.com/vendor/laravel/framework/src/Illuminate/Foundation/Console/Kernel.php(201): Symfony\\Component\\Console\\Application->run(Object(Symfony\\Component\\Console\\Input\\ArgvInput), Object(Symfony\\Component\\Console\\Output\\ConsoleOutput))
#21 /Users/greelogix/Herd/dev.esnadbusiness.com/artisan(35): Illuminate\\Foundation\\Console\\Kernel->handle(Object(Symfony\\Component\\Console\\Input\\ArgvInput), Object(Symfony\\Component\\Console\\Output\\ConsoleOutput))
#22 {main}

[previous exception] [object] (PDOException(code: 1045): SQLSTATE[HY000] [1045] Access denied for user 'root'@'localhost' (using password: NO) at /Users/greelogix/Herd/dev.esnadbusiness.com/vendor/laravel/framework/src/Illuminate/Database/Connectors/Connector.php:65)
[stacktrace]
#0 /Users/greelogix/Herd/dev.esnadbusiness.com/vendor/laravel/framework/src/Illuminate/Database/Connectors/Connector.php(65): PDO->__construct('mysql:host=loca...', 'root', Object(SensitiveParameterValue), Array)
#1 /Users/greelogix/Herd/dev.esnadbusiness.com/vendor/laravel/framework/src/Illuminate/Database/Connectors/Connector.php(44): Illuminate\\Database\\Connectors\\Connector->createPdoConnection('mysql:host=loca...', 'root', '', Array)
#2 /Users/greelogix/Herd/dev.esnadbusiness.com/vendor/laravel/framework/src/Illuminate/Database/Connectors/MySqlConnector.php(24): Illuminate\\Database\\Connectors\\Connector->createConnection('mysql:host=loca...', Array, Array)
#3 /Users/greelogix/Herd/dev.esnadbusiness.com/vendor/laravel/framework/src/Illuminate/Database/Connectors/ConnectionFactory.php(184): Illuminate\\Database\\Connectors\\MySqlConnector->connect(Array)
#4 [internal function]: Illuminate\\Database\\Connectors\\ConnectionFactory->Illuminate\\Database\\Connectors\\{closure}()
#5 /Users/greelogix/Herd/dev.esnadbusiness.com/vendor/laravel/framework/src/Illuminate/Database/Connection.php(1275): call_user_func(Object(Closure))
#6 /Users/greelogix/Herd/dev.esnadbusiness.com/vendor/laravel/framework/src/Illuminate/Database/Connection.php(521): Illuminate\\Database\\Connection->getPdo()
#7 /Users/greelogix/Herd/dev.esnadbusiness.com/vendor/laravel/framework/src/Illuminate/Database/Connection.php(416): Illuminate\\Database\\Connection->getPdoForSelect(false)
#8 /Users/greelogix/Herd/dev.esnadbusiness.com/vendor/laravel/framework/src/Illuminate/Database/Connection.php(788): Illuminate\\Database\\Connection->Illuminate\\Database\\{closure}('select * from i...', Array)
#9 /Users/greelogix/Herd/dev.esnadbusiness.com/vendor/laravel/framework/src/Illuminate/Database/Connection.php(755): Illuminate\\Database\\Connection->runQueryCallback('select * from i...', Array, Object(Closure))
#10 /Users/greelogix/Herd/dev.esnadbusiness.com/vendor/laravel/framework/src/Illuminate/Database/Connection.php(407): Illuminate\\Database\\Connection->run('select * from i...', Array, Object(Closure))
#11 /Users/greelogix/Herd/dev.esnadbusiness.com/vendor/laravel/framework/src/Illuminate/Database/Connection.php(394): Illuminate\\Database\\Connection->select('select * from i...', Array, false)
#12 /Users/greelogix/Herd/dev.esnadbusiness.com/vendor/laravel/framework/src/Illuminate/Database/Schema/MySqlBuilder.php(43): Illuminate\\Database\\Connection->selectFromWriteConnection('select * from i...', Array)
#13 /Users/greelogix/Herd/dev.esnadbusiness.com/vendor/laravel/framework/src/Illuminate/Database/Migrations/DatabaseMigrationRepository.php(184): Illuminate\\Database\\Schema\\MySqlBuilder->hasTable('migrations')
#14 /Users/greelogix/Herd/dev.esnadbusiness.com/vendor/laravel/framework/src/Illuminate/Database/Migrations/Migrator.php(700): Illuminate\\Database\\Migrations\\DatabaseMigrationRepository->repositoryExists()
#15 /Users/greelogix/Herd/dev.esnadbusiness.com/vendor/laravel/framework/src/Illuminate/Database/Console/Migrations/StatusCommand.php(53): Illuminate\\Database\\Migrations\\Migrator->repositoryExists()
#16 /Users/greelogix/Herd/dev.esnadbusiness.com/vendor/laravel/framework/src/Illuminate/Database/Migrations/Migrator.php(633): Illuminate\\Database\\Console\\Migrations\\StatusCommand->Illuminate\\Database\\Console\\Migrations\\{closure}()
#17 /Users/greelogix/Herd/dev.esnadbusiness.com/vendor/laravel/framework/src/Illuminate/Database/Console/Migrations/StatusCommand.php(52): Illuminate\\Database\\Migrations\\Migrator->usingConnection(NULL, Object(Closure))
#18 /Users/greelogix/Herd/dev.esnadbusiness.com/vendor/laravel/framework/src/Illuminate/Container/BoundMethod.php(36): Illuminate\\Database\\Console\\Migrations\\StatusCommand->handle()
#19 /Users/greelogix/Herd/dev.esnadbusiness.com/vendor/laravel/framework/src/Illuminate/Container/Util.php(41): Illuminate\\Container\\BoundMethod::Illuminate\\Container\\{closure}()
#20 /Users/greelogix/Herd/dev.esnadbusiness.com/vendor/laravel/framework/src/Illuminate/Container/BoundMethod.php(93): Illuminate\\Container\\Util::unwrapIfClosure(Object(Closure))
#21 /Users/greelogix/Herd/dev.esnadbusiness.com/vendor/laravel/framework/src/Illuminate/Container/BoundMethod.php(35): Illuminate\\Container\\BoundMethod::callBoundMethod(Object(Illuminate\\Foundation\\Application), Array, Object(Closure))
#22 /Users/greelogix/Herd/dev.esnadbusiness.com/vendor/laravel/framework/src/Illuminate/Container/Container.php(662): Illuminate\\Container\\BoundMethod::call(Object(Illuminate\\Foundation\\Application), Array, Array, NULL)
#23 /Users/greelogix/Herd/dev.esnadbusiness.com/vendor/laravel/framework/src/Illuminate/Console/Command.php(208): Illuminate\\Container\\Container->call(Array)
#24 /Users/greelogix/Herd/dev.esnadbusiness.com/vendor/symfony/console/Command/Command.php(326): Illuminate\\Console\\Command->execute(Object(Symfony\\Component\\Console\\Input\\ArgvInput), Object(Illuminate\\Console\\OutputStyle))
#25 /Users/greelogix/Herd/dev.esnadbusiness.com/vendor/laravel/framework/src/Illuminate/Console/Command.php(177): Symfony\\Component\\Console\\Command\\Command->run(Object(Symfony\\Component\\Console\\Input\\ArgvInput), Object(Illuminate\\Console\\OutputStyle))
#26 /Users/greelogix/Herd/dev.esnadbusiness.com/vendor/symfony/console/Application.php(1081): Illuminate\\Console\\Command->run(Object(Symfony\\Component\\Console\\Input\\ArgvInput), Object(Symfony\\Component\\Console\\Output\\ConsoleOutput))
#27 /Users/greelogix/Herd/dev.esnadbusiness.com/vendor/symfony/console/Application.php(320): Symfony\\Component\\Console\\Application->doRunCommand(Object(Illuminate\\Database\\Console\\Migrations\\StatusCommand), Object(Symfony\\Component\\Console\\Input\\ArgvInput), Object(Symfony\\Component\\Console\\Output\\ConsoleOutput))
#28 /Users/greelogix/Herd/dev.esnadbusiness.com/vendor/symfony/console/Application.php(174): Symfony\\Component\\Console\\Application->doRun(Object(Symfony\\Component\\Console\\Input\\ArgvInput), Object(Symfony\\Component\\Console\\Output\\ConsoleOutput))
#29 /Users/greelogix/Herd/dev.esnadbusiness.com/vendor/laravel/framework/src/Illuminate/Foundation/Console/Kernel.php(201): Symfony\\Component\\Console\\Application->run(Object(Symfony\\Component\\Console\\Input\\ArgvInput), Object(Symfony\\Component\\Console\\Output\\ConsoleOutput))
#30 /Users/greelogix/Herd/dev.esnadbusiness.com/artisan(35): Illuminate\\Foundation\\Console\\Kernel->handle(Object(Symfony\\Component\\Console\\Input\\ArgvInput), Object(Symfony\\Component\\Console\\Output\\ConsoleOutput))
#31 {main}
"} 
[2025-05-22 08:36:04] local.ERROR: SQLSTATE[HY000] [1045] Access denied for user 'root'@'localhost' (using password: NO) (Connection: mysql, SQL: select * from information_schema.tables where table_schema = esnad and table_name = migrations and table_type = 'BASE TABLE') {"exception":"[object] (Illuminate\\Database\\QueryException(code: 1045): SQLSTATE[HY000] [1045] Access denied for user 'root'@'localhost' (using password: NO) (Connection: mysql, SQL: select * from information_schema.tables where table_schema = esnad and table_name = migrations and table_type = 'BASE TABLE') at /Users/greelogix/Herd/dev.esnadbusiness.com/vendor/laravel/framework/src/Illuminate/Database/Connection.php:795)
[stacktrace]
#0 /Users/greelogix/Herd/dev.esnadbusiness.com/vendor/laravel/framework/src/Illuminate/Database/Connection.php(755): Illuminate\\Database\\Connection->runQueryCallback('select * from i...', Array, Object(Closure))
#1 /Users/greelogix/Herd/dev.esnadbusiness.com/vendor/laravel/framework/src/Illuminate/Database/Connection.php(407): Illuminate\\Database\\Connection->run('select * from i...', Array, Object(Closure))
#2 /Users/greelogix/Herd/dev.esnadbusiness.com/vendor/laravel/framework/src/Illuminate/Database/Connection.php(394): Illuminate\\Database\\Connection->select('select * from i...', Array, false)
#3 /Users/greelogix/Herd/dev.esnadbusiness.com/vendor/laravel/framework/src/Illuminate/Database/Schema/MySqlBuilder.php(43): Illuminate\\Database\\Connection->selectFromWriteConnection('select * from i...', Array)
#4 /Users/greelogix/Herd/dev.esnadbusiness.com/vendor/laravel/framework/src/Illuminate/Database/Migrations/DatabaseMigrationRepository.php(184): Illuminate\\Database\\Schema\\MySqlBuilder->hasTable('migrations')
#5 /Users/greelogix/Herd/dev.esnadbusiness.com/vendor/laravel/framework/src/Illuminate/Database/Migrations/Migrator.php(700): Illuminate\\Database\\Migrations\\DatabaseMigrationRepository->repositoryExists()
#6 /Users/greelogix/Herd/dev.esnadbusiness.com/vendor/laravel/framework/src/Illuminate/Database/Console/Migrations/MigrateCommand.php(138): Illuminate\\Database\\Migrations\\Migrator->repositoryExists()
#7 /Users/greelogix/Herd/dev.esnadbusiness.com/vendor/laravel/framework/src/Illuminate/Support/helpers.php(248): Illuminate\\Database\\Console\\Migrations\\MigrateCommand->Illuminate\\Database\\Console\\Migrations\\{closure}(1)
#8 /Users/greelogix/Herd/dev.esnadbusiness.com/vendor/laravel/framework/src/Illuminate/Database/Console/Migrations/MigrateCommand.php(138): retry(1, Object(Closure), 0, Object(Closure))
#9 /Users/greelogix/Herd/dev.esnadbusiness.com/vendor/laravel/framework/src/Illuminate/Database/Console/Migrations/MigrateCommand.php(114): Illuminate\\Database\\Console\\Migrations\\MigrateCommand->repositoryExists()
#10 /Users/greelogix/Herd/dev.esnadbusiness.com/vendor/laravel/framework/src/Illuminate/Database/Console/Migrations/MigrateCommand.php(82): Illuminate\\Database\\Console\\Migrations\\MigrateCommand->prepareDatabase()
#11 /Users/greelogix/Herd/dev.esnadbusiness.com/vendor/laravel/framework/src/Illuminate/Database/Migrations/Migrator.php(633): Illuminate\\Database\\Console\\Migrations\\MigrateCommand->Illuminate\\Database\\Console\\Migrations\\{closure}()
#12 /Users/greelogix/Herd/dev.esnadbusiness.com/vendor/laravel/framework/src/Illuminate/Database/Console/Migrations/MigrateCommand.php(81): Illuminate\\Database\\Migrations\\Migrator->usingConnection(NULL, Object(Closure))
#13 /Users/greelogix/Herd/dev.esnadbusiness.com/vendor/laravel/framework/src/Illuminate/Container/BoundMethod.php(36): Illuminate\\Database\\Console\\Migrations\\MigrateCommand->handle()
#14 /Users/greelogix/Herd/dev.esnadbusiness.com/vendor/laravel/framework/src/Illuminate/Container/Util.php(41): Illuminate\\Container\\BoundMethod::Illuminate\\Container\\{closure}()
#15 /Users/greelogix/Herd/dev.esnadbusiness.com/vendor/laravel/framework/src/Illuminate/Container/BoundMethod.php(93): Illuminate\\Container\\Util::unwrapIfClosure(Object(Closure))
#16 /Users/greelogix/Herd/dev.esnadbusiness.com/vendor/laravel/framework/src/Illuminate/Container/BoundMethod.php(35): Illuminate\\Container\\BoundMethod::callBoundMethod(Object(Illuminate\\Foundation\\Application), Array, Object(Closure))
#17 /Users/greelogix/Herd/dev.esnadbusiness.com/vendor/laravel/framework/src/Illuminate/Container/Container.php(662): Illuminate\\Container\\BoundMethod::call(Object(Illuminate\\Foundation\\Application), Array, Array, NULL)
#18 /Users/greelogix/Herd/dev.esnadbusiness.com/vendor/laravel/framework/src/Illuminate/Console/Command.php(208): Illuminate\\Container\\Container->call(Array)
#19 /Users/greelogix/Herd/dev.esnadbusiness.com/vendor/symfony/console/Command/Command.php(326): Illuminate\\Console\\Command->execute(Object(Symfony\\Component\\Console\\Input\\ArgvInput), Object(Illuminate\\Console\\OutputStyle))
#20 /Users/greelogix/Herd/dev.esnadbusiness.com/vendor/laravel/framework/src/Illuminate/Console/Command.php(177): Symfony\\Component\\Console\\Command\\Command->run(Object(Symfony\\Component\\Console\\Input\\ArgvInput), Object(Illuminate\\Console\\OutputStyle))
#21 /Users/greelogix/Herd/dev.esnadbusiness.com/vendor/symfony/console/Application.php(1081): Illuminate\\Console\\Command->run(Object(Symfony\\Component\\Console\\Input\\ArgvInput), Object(Symfony\\Component\\Console\\Output\\ConsoleOutput))
#22 /Users/greelogix/Herd/dev.esnadbusiness.com/vendor/symfony/console/Application.php(320): Symfony\\Component\\Console\\Application->doRunCommand(Object(Illuminate\\Database\\Console\\Migrations\\MigrateCommand), Object(Symfony\\Component\\Console\\Input\\ArgvInput), Object(Symfony\\Component\\Console\\Output\\ConsoleOutput))
#23 /Users/greelogix/Herd/dev.esnadbusiness.com/vendor/symfony/console/Application.php(174): Symfony\\Component\\Console\\Application->doRun(Object(Symfony\\Component\\Console\\Input\\ArgvInput), Object(Symfony\\Component\\Console\\Output\\ConsoleOutput))
#24 /Users/greelogix/Herd/dev.esnadbusiness.com/vendor/laravel/framework/src/Illuminate/Foundation/Console/Kernel.php(201): Symfony\\Component\\Console\\Application->run(Object(Symfony\\Component\\Console\\Input\\ArgvInput), Object(Symfony\\Component\\Console\\Output\\ConsoleOutput))
#25 /Users/greelogix/Herd/dev.esnadbusiness.com/artisan(35): Illuminate\\Foundation\\Console\\Kernel->handle(Object(Symfony\\Component\\Console\\Input\\ArgvInput), Object(Symfony\\Component\\Console\\Output\\ConsoleOutput))
#26 {main}

[previous exception] [object] (PDOException(code: 1045): SQLSTATE[HY000] [1045] Access denied for user 'root'@'localhost' (using password: NO) at /Users/greelogix/Herd/dev.esnadbusiness.com/vendor/laravel/framework/src/Illuminate/Database/Connectors/Connector.php:65)
[stacktrace]
#0 /Users/greelogix/Herd/dev.esnadbusiness.com/vendor/laravel/framework/src/Illuminate/Database/Connectors/Connector.php(65): PDO->__construct('mysql:host=loca...', 'root', Object(SensitiveParameterValue), Array)
#1 /Users/greelogix/Herd/dev.esnadbusiness.com/vendor/laravel/framework/src/Illuminate/Database/Connectors/Connector.php(44): Illuminate\\Database\\Connectors\\Connector->createPdoConnection('mysql:host=loca...', 'root', '', Array)
#2 /Users/greelogix/Herd/dev.esnadbusiness.com/vendor/laravel/framework/src/Illuminate/Database/Connectors/MySqlConnector.php(24): Illuminate\\Database\\Connectors\\Connector->createConnection('mysql:host=loca...', Array, Array)
#3 /Users/greelogix/Herd/dev.esnadbusiness.com/vendor/laravel/framework/src/Illuminate/Database/Connectors/ConnectionFactory.php(184): Illuminate\\Database\\Connectors\\MySqlConnector->connect(Array)
#4 [internal function]: Illuminate\\Database\\Connectors\\ConnectionFactory->Illuminate\\Database\\Connectors\\{closure}()
#5 /Users/greelogix/Herd/dev.esnadbusiness.com/vendor/laravel/framework/src/Illuminate/Database/Connection.php(1275): call_user_func(Object(Closure))
#6 /Users/greelogix/Herd/dev.esnadbusiness.com/vendor/laravel/framework/src/Illuminate/Database/Connection.php(521): Illuminate\\Database\\Connection->getPdo()
#7 /Users/greelogix/Herd/dev.esnadbusiness.com/vendor/laravel/framework/src/Illuminate/Database/Connection.php(416): Illuminate\\Database\\Connection->getPdoForSelect(false)
#8 /Users/greelogix/Herd/dev.esnadbusiness.com/vendor/laravel/framework/src/Illuminate/Database/Connection.php(788): Illuminate\\Database\\Connection->Illuminate\\Database\\{closure}('select * from i...', Array)
#9 /Users/greelogix/Herd/dev.esnadbusiness.com/vendor/laravel/framework/src/Illuminate/Database/Connection.php(755): Illuminate\\Database\\Connection->runQueryCallback('select * from i...', Array, Object(Closure))
#10 /Users/greelogix/Herd/dev.esnadbusiness.com/vendor/laravel/framework/src/Illuminate/Database/Connection.php(407): Illuminate\\Database\\Connection->run('select * from i...', Array, Object(Closure))
#11 /Users/greelogix/Herd/dev.esnadbusiness.com/vendor/laravel/framework/src/Illuminate/Database/Connection.php(394): Illuminate\\Database\\Connection->select('select * from i...', Array, false)
#12 /Users/greelogix/Herd/dev.esnadbusiness.com/vendor/laravel/framework/src/Illuminate/Database/Schema/MySqlBuilder.php(43): Illuminate\\Database\\Connection->selectFromWriteConnection('select * from i...', Array)
#13 /Users/greelogix/Herd/dev.esnadbusiness.com/vendor/laravel/framework/src/Illuminate/Database/Migrations/DatabaseMigrationRepository.php(184): Illuminate\\Database\\Schema\\MySqlBuilder->hasTable('migrations')
#14 /Users/greelogix/Herd/dev.esnadbusiness.com/vendor/laravel/framework/src/Illuminate/Database/Migrations/Migrator.php(700): Illuminate\\Database\\Migrations\\DatabaseMigrationRepository->repositoryExists()
#15 /Users/greelogix/Herd/dev.esnadbusiness.com/vendor/laravel/framework/src/Illuminate/Database/Console/Migrations/MigrateCommand.php(138): Illuminate\\Database\\Migrations\\Migrator->repositoryExists()
#16 /Users/greelogix/Herd/dev.esnadbusiness.com/vendor/laravel/framework/src/Illuminate/Support/helpers.php(248): Illuminate\\Database\\Console\\Migrations\\MigrateCommand->Illuminate\\Database\\Console\\Migrations\\{closure}(1)
#17 /Users/greelogix/Herd/dev.esnadbusiness.com/vendor/laravel/framework/src/Illuminate/Database/Console/Migrations/MigrateCommand.php(138): retry(1, Object(Closure), 0, Object(Closure))
#18 /Users/greelogix/Herd/dev.esnadbusiness.com/vendor/laravel/framework/src/Illuminate/Database/Console/Migrations/MigrateCommand.php(114): Illuminate\\Database\\Console\\Migrations\\MigrateCommand->repositoryExists()
#19 /Users/greelogix/Herd/dev.esnadbusiness.com/vendor/laravel/framework/src/Illuminate/Database/Console/Migrations/MigrateCommand.php(82): Illuminate\\Database\\Console\\Migrations\\MigrateCommand->prepareDatabase()
#20 /Users/greelogix/Herd/dev.esnadbusiness.com/vendor/laravel/framework/src/Illuminate/Database/Migrations/Migrator.php(633): Illuminate\\Database\\Console\\Migrations\\MigrateCommand->Illuminate\\Database\\Console\\Migrations\\{closure}()
#21 /Users/greelogix/Herd/dev.esnadbusiness.com/vendor/laravel/framework/src/Illuminate/Database/Console/Migrations/MigrateCommand.php(81): Illuminate\\Database\\Migrations\\Migrator->usingConnection(NULL, Object(Closure))
#22 /Users/greelogix/Herd/dev.esnadbusiness.com/vendor/laravel/framework/src/Illuminate/Container/BoundMethod.php(36): Illuminate\\Database\\Console\\Migrations\\MigrateCommand->handle()
#23 /Users/greelogix/Herd/dev.esnadbusiness.com/vendor/laravel/framework/src/Illuminate/Container/Util.php(41): Illuminate\\Container\\BoundMethod::Illuminate\\Container\\{closure}()
#24 /Users/greelogix/Herd/dev.esnadbusiness.com/vendor/laravel/framework/src/Illuminate/Container/BoundMethod.php(93): Illuminate\\Container\\Util::unwrapIfClosure(Object(Closure))
#25 /Users/greelogix/Herd/dev.esnadbusiness.com/vendor/laravel/framework/src/Illuminate/Container/BoundMethod.php(35): Illuminate\\Container\\BoundMethod::callBoundMethod(Object(Illuminate\\Foundation\\Application), Array, Object(Closure))
#26 /Users/greelogix/Herd/dev.esnadbusiness.com/vendor/laravel/framework/src/Illuminate/Container/Container.php(662): Illuminate\\Container\\BoundMethod::call(Object(Illuminate\\Foundation\\Application), Array, Array, NULL)
#27 /Users/greelogix/Herd/dev.esnadbusiness.com/vendor/laravel/framework/src/Illuminate/Console/Command.php(208): Illuminate\\Container\\Container->call(Array)
#28 /Users/greelogix/Herd/dev.esnadbusiness.com/vendor/symfony/console/Command/Command.php(326): Illuminate\\Console\\Command->execute(Object(Symfony\\Component\\Console\\Input\\ArgvInput), Object(Illuminate\\Console\\OutputStyle))
#29 /Users/greelogix/Herd/dev.esnadbusiness.com/vendor/laravel/framework/src/Illuminate/Console/Command.php(177): Symfony\\Component\\Console\\Command\\Command->run(Object(Symfony\\Component\\Console\\Input\\ArgvInput), Object(Illuminate\\Console\\OutputStyle))
#30 /Users/greelogix/Herd/dev.esnadbusiness.com/vendor/symfony/console/Application.php(1081): Illuminate\\Console\\Command->run(Object(Symfony\\Component\\Console\\Input\\ArgvInput), Object(Symfony\\Component\\Console\\Output\\ConsoleOutput))
#31 /Users/greelogix/Herd/dev.esnadbusiness.com/vendor/symfony/console/Application.php(320): Symfony\\Component\\Console\\Application->doRunCommand(Object(Illuminate\\Database\\Console\\Migrations\\MigrateCommand), Object(Symfony\\Component\\Console\\Input\\ArgvInput), Object(Symfony\\Component\\Console\\Output\\ConsoleOutput))
#32 /Users/greelogix/Herd/dev.esnadbusiness.com/vendor/symfony/console/Application.php(174): Symfony\\Component\\Console\\Application->doRun(Object(Symfony\\Component\\Console\\Input\\ArgvInput), Object(Symfony\\Component\\Console\\Output\\ConsoleOutput))
#33 /Users/greelogix/Herd/dev.esnadbusiness.com/vendor/laravel/framework/src/Illuminate/Foundation/Console/Kernel.php(201): Symfony\\Component\\Console\\Application->run(Object(Symfony\\Component\\Console\\Input\\ArgvInput), Object(Symfony\\Component\\Console\\Output\\ConsoleOutput))
#34 /Users/greelogix/Herd/dev.esnadbusiness.com/artisan(35): Illuminate\\Foundation\\Console\\Kernel->handle(Object(Symfony\\Component\\Console\\Input\\ArgvInput), Object(Symfony\\Component\\Console\\Output\\ConsoleOutput))
#35 {main}
"} 
[2025-05-22 08:37:19] local.ERROR: SQLSTATE[HY000] [1045] Access denied for user 'root'@'localhost' (using password: NO) (Connection: mysql, SQL: select * from `sessions` where `id` = Da1FpXCl9v35O0RqYXOEkTlz6ZkfjhtFmHxyQYSF limit 1) {"exception":"[object] (Illuminate\\Database\\QueryException(code: 1045): SQLSTATE[HY000] [1045] Access denied for user 'root'@'localhost' (using password: NO) (Connection: mysql, SQL: select * from `sessions` where `id` = Da1FpXCl9v35O0RqYXOEkTlz6ZkfjhtFmHxyQYSF limit 1) at /Users/greelogix/Herd/dev.esnadbusiness.com/vendor/laravel/framework/src/Illuminate/Database/Connection.php:795)
[stacktrace]
#0 /Users/greelogix/Herd/dev.esnadbusiness.com/vendor/laravel/framework/src/Illuminate/Database/Connection.php(755): Illuminate\\Database\\Connection->runQueryCallback('select * from `...', Array, Object(Closure))
#1 /Users/greelogix/Herd/dev.esnadbusiness.com/vendor/laravel/framework/src/Illuminate/Database/Connection.php(407): Illuminate\\Database\\Connection->run('select * from `...', Array, Object(Closure))
#2 /Users/greelogix/Herd/dev.esnadbusiness.com/vendor/laravel/framework/src/Illuminate/Database/Query/Builder.php(2747): Illuminate\\Database\\Connection->select('select * from `...', Array, true)
#3 /Users/greelogix/Herd/dev.esnadbusiness.com/vendor/laravel/framework/src/Illuminate/Database/Query/Builder.php(2736): Illuminate\\Database\\Query\\Builder->runSelect()
#4 /Users/greelogix/Herd/dev.esnadbusiness.com/vendor/laravel/framework/src/Illuminate/Database/Query/Builder.php(3290): Illuminate\\Database\\Query\\Builder->Illuminate\\Database\\Query\\{closure}()
#5 /Users/greelogix/Herd/dev.esnadbusiness.com/vendor/laravel/framework/src/Illuminate/Database/Query/Builder.php(2735): Illuminate\\Database\\Query\\Builder->onceWithColumns(Array, Object(Closure))
#6 /Users/greelogix/Herd/dev.esnadbusiness.com/vendor/laravel/framework/src/Illuminate/Database/Concerns/BuildsQueries.php(296): Illuminate\\Database\\Query\\Builder->get(Array)
#7 /Users/greelogix/Herd/dev.esnadbusiness.com/vendor/laravel/framework/src/Illuminate/Database/Query/Builder.php(2658): Illuminate\\Database\\Query\\Builder->first(Array)
#8 /Users/greelogix/Herd/dev.esnadbusiness.com/vendor/laravel/framework/src/Illuminate/Session/DatabaseSessionHandler.php(97): Illuminate\\Database\\Query\\Builder->find('Da1FpXCl9v35O0R...')
#9 /Users/greelogix/Herd/dev.esnadbusiness.com/vendor/laravel/framework/src/Illuminate/Session/Store.php(113): Illuminate\\Session\\DatabaseSessionHandler->read('Da1FpXCl9v35O0R...')
#10 /Users/greelogix/Herd/dev.esnadbusiness.com/vendor/laravel/framework/src/Illuminate/Session/Store.php(101): Illuminate\\Session\\Store->readFromHandler()
#11 /Users/greelogix/Herd/dev.esnadbusiness.com/vendor/laravel/framework/src/Illuminate/Session/Store.php(85): Illuminate\\Session\\Store->loadSession()
#12 /Users/greelogix/Herd/dev.esnadbusiness.com/vendor/laravel/framework/src/Illuminate/Session/Middleware/StartSession.php(148): Illuminate\\Session\\Store->start()
#13 /Users/greelogix/Herd/dev.esnadbusiness.com/vendor/laravel/framework/src/Illuminate/Support/helpers.php(307): Illuminate\\Session\\Middleware\\StartSession->Illuminate\\Session\\Middleware\\{closure}(Object(Illuminate\\Session\\EncryptedStore))
#14 /Users/greelogix/Herd/dev.esnadbusiness.com/vendor/laravel/framework/src/Illuminate/Session/Middleware/StartSession.php(145): tap(Object(Illuminate\\Session\\EncryptedStore), Object(Closure))
#15 /Users/greelogix/Herd/dev.esnadbusiness.com/vendor/laravel/framework/src/Illuminate/Session/Middleware/StartSession.php(117): Illuminate\\Session\\Middleware\\StartSession->startSession(Object(Illuminate\\Http\\Request), Object(Illuminate\\Session\\EncryptedStore))
#16 /Users/greelogix/Herd/dev.esnadbusiness.com/vendor/laravel/framework/src/Illuminate/Session/Middleware/StartSession.php(65): Illuminate\\Session\\Middleware\\StartSession->handleStatefulRequest(Object(Illuminate\\Http\\Request), Object(Illuminate\\Session\\EncryptedStore), Object(Closure))
#17 /Users/greelogix/Herd/dev.esnadbusiness.com/vendor/laravel/framework/src/Illuminate/Pipeline/Pipeline.php(180): Illuminate\\Session\\Middleware\\StartSession->handle(Object(Illuminate\\Http\\Request), Object(Closure))
#18 /Users/greelogix/Herd/dev.esnadbusiness.com/vendor/laravel/framework/src/Illuminate/Cookie/Middleware/AddQueuedCookiesToResponse.php(37): Illuminate\\Pipeline\\Pipeline->Illuminate\\Pipeline\\{closure}(Object(Illuminate\\Http\\Request))
#19 /Users/greelogix/Herd/dev.esnadbusiness.com/vendor/laravel/framework/src/Illuminate/Pipeline/Pipeline.php(180): Illuminate\\Cookie\\Middleware\\AddQueuedCookiesToResponse->handle(Object(Illuminate\\Http\\Request), Object(Closure))
#20 /Users/greelogix/Herd/dev.esnadbusiness.com/vendor/laravel/framework/src/Illuminate/Cookie/Middleware/EncryptCookies.php(67): Illuminate\\Pipeline\\Pipeline->Illuminate\\Pipeline\\{closure}(Object(Illuminate\\Http\\Request))
#21 /Users/greelogix/Herd/dev.esnadbusiness.com/vendor/laravel/framework/src/Illuminate/Pipeline/Pipeline.php(180): Illuminate\\Cookie\\Middleware\\EncryptCookies->handle(Object(Illuminate\\Http\\Request), Object(Closure))
#22 /Users/greelogix/Herd/dev.esnadbusiness.com/vendor/laravel/framework/src/Illuminate/Pipeline/Pipeline.php(116): Illuminate\\Pipeline\\Pipeline->Illuminate\\Pipeline\\{closure}(Object(Illuminate\\Http\\Request))
#23 /Users/greelogix/Herd/dev.esnadbusiness.com/vendor/laravel/framework/src/Illuminate/Routing/Router.php(798): Illuminate\\Pipeline\\Pipeline->then(Object(Closure))
#24 /Users/greelogix/Herd/dev.esnadbusiness.com/vendor/laravel/framework/src/Illuminate/Routing/Router.php(777): Illuminate\\Routing\\Router->runRouteWithinStack(Object(Illuminate\\Routing\\Route), Object(Illuminate\\Http\\Request))
#25 /Users/greelogix/Herd/dev.esnadbusiness.com/vendor/laravel/framework/src/Illuminate/Routing/Router.php(741): Illuminate\\Routing\\Router->runRoute(Object(Illuminate\\Http\\Request), Object(Illuminate\\Routing\\Route))
#26 /Users/greelogix/Herd/dev.esnadbusiness.com/vendor/laravel/framework/src/Illuminate/Routing/Router.php(730): Illuminate\\Routing\\Router->dispatchToRoute(Object(Illuminate\\Http\\Request))
#27 /Users/greelogix/Herd/dev.esnadbusiness.com/vendor/laravel/framework/src/Illuminate/Foundation/Http/Kernel.php(200): Illuminate\\Routing\\Router->dispatch(Object(Illuminate\\Http\\Request))
#28 /Users/greelogix/Herd/dev.esnadbusiness.com/vendor/laravel/framework/src/Illuminate/Pipeline/Pipeline.php(141): Illuminate\\Foundation\\Http\\Kernel->Illuminate\\Foundation\\Http\\{closure}(Object(Illuminate\\Http\\Request))
#29 /Users/greelogix/Herd/dev.esnadbusiness.com/vendor/lukeraymonddowning/honey/src/Http/Middleware/BlockSpammers.php(19): Illuminate\\Pipeline\\Pipeline->Illuminate\\Pipeline\\{closure}(Object(Illuminate\\Http\\Request))
#30 /Users/greelogix/Herd/dev.esnadbusiness.com/vendor/laravel/framework/src/Illuminate/Pipeline/Pipeline.php(180): Lukeraymonddowning\\Honey\\Http\\Middleware\\BlockSpammers->handle(Object(Illuminate\\Http\\Request), Object(Closure))
#31 /Users/greelogix/Herd/dev.esnadbusiness.com/vendor/livewire/livewire/src/DisableBrowserCache.php(19): Illuminate\\Pipeline\\Pipeline->Illuminate\\Pipeline\\{closure}(Object(Illuminate\\Http\\Request))
#32 /Users/greelogix/Herd/dev.esnadbusiness.com/vendor/laravel/framework/src/Illuminate/Pipeline/Pipeline.php(180): Livewire\\DisableBrowserCache->handle(Object(Illuminate\\Http\\Request), Object(Closure))
#33 /Users/greelogix/Herd/dev.esnadbusiness.com/vendor/barryvdh/laravel-debugbar/src/Middleware/InjectDebugbar.php(66): Illuminate\\Pipeline\\Pipeline->Illuminate\\Pipeline\\{closure}(Object(Illuminate\\Http\\Request))
#34 /Users/greelogix/Herd/dev.esnadbusiness.com/vendor/laravel/framework/src/Illuminate/Pipeline/Pipeline.php(180): Barryvdh\\Debugbar\\Middleware\\InjectDebugbar->handle(Object(Illuminate\\Http\\Request), Object(Closure))
#35 /Users/greelogix/Herd/dev.esnadbusiness.com/vendor/laravel/framework/src/Illuminate/Foundation/Http/Middleware/TransformsRequest.php(21): Illuminate\\Pipeline\\Pipeline->Illuminate\\Pipeline\\{closure}(Object(Illuminate\\Http\\Request))
#36 /Users/greelogix/Herd/dev.esnadbusiness.com/vendor/laravel/framework/src/Illuminate/Foundation/Http/Middleware/ConvertEmptyStringsToNull.php(31): Illuminate\\Foundation\\Http\\Middleware\\TransformsRequest->handle(Object(Illuminate\\Http\\Request), Object(Closure))
#37 /Users/greelogix/Herd/dev.esnadbusiness.com/vendor/laravel/framework/src/Illuminate/Pipeline/Pipeline.php(180): Illuminate\\Foundation\\Http\\Middleware\\ConvertEmptyStringsToNull->handle(Object(Illuminate\\Http\\Request), Object(Closure))
#38 /Users/greelogix/Herd/dev.esnadbusiness.com/vendor/laravel/framework/src/Illuminate/Foundation/Http/Middleware/TransformsRequest.php(21): Illuminate\\Pipeline\\Pipeline->Illuminate\\Pipeline\\{closure}(Object(Illuminate\\Http\\Request))
#39 /Users/greelogix/Herd/dev.esnadbusiness.com/vendor/laravel/framework/src/Illuminate/Foundation/Http/Middleware/TrimStrings.php(40): Illuminate\\Foundation\\Http\\Middleware\\TransformsRequest->handle(Object(Illuminate\\Http\\Request), Object(Closure))
#40 /Users/greelogix/Herd/dev.esnadbusiness.com/vendor/laravel/framework/src/Illuminate/Pipeline/Pipeline.php(180): Illuminate\\Foundation\\Http\\Middleware\\TrimStrings->handle(Object(Illuminate\\Http\\Request), Object(Closure))
#41 /Users/greelogix/Herd/dev.esnadbusiness.com/vendor/laravel/framework/src/Illuminate/Foundation/Http/Middleware/ValidatePostSize.php(27): Illuminate\\Pipeline\\Pipeline->Illuminate\\Pipeline\\{closure}(Object(Illuminate\\Http\\Request))
#42 /Users/greelogix/Herd/dev.esnadbusiness.com/vendor/laravel/framework/src/Illuminate/Pipeline/Pipeline.php(180): Illuminate\\Foundation\\Http\\Middleware\\ValidatePostSize->handle(Object(Illuminate\\Http\\Request), Object(Closure))
#43 /Users/greelogix/Herd/dev.esnadbusiness.com/vendor/laravel/framework/src/Illuminate/Foundation/Http/Middleware/PreventRequestsDuringMaintenance.php(86): Illuminate\\Pipeline\\Pipeline->Illuminate\\Pipeline\\{closure}(Object(Illuminate\\Http\\Request))
#44 /Users/greelogix/Herd/dev.esnadbusiness.com/vendor/laravel/framework/src/Illuminate/Pipeline/Pipeline.php(180): Illuminate\\Foundation\\Http\\Middleware\\PreventRequestsDuringMaintenance->handle(Object(Illuminate\\Http\\Request), Object(Closure))
#45 /Users/greelogix/Herd/dev.esnadbusiness.com/vendor/laravel/framework/src/Illuminate/Http/Middleware/HandleCors.php(49): Illuminate\\Pipeline\\Pipeline->Illuminate\\Pipeline\\{closure}(Object(Illuminate\\Http\\Request))
#46 /Users/greelogix/Herd/dev.esnadbusiness.com/vendor/laravel/framework/src/Illuminate/Pipeline/Pipeline.php(180): Illuminate\\Http\\Middleware\\HandleCors->handle(Object(Illuminate\\Http\\Request), Object(Closure))
#47 /Users/greelogix/Herd/dev.esnadbusiness.com/vendor/laravel/framework/src/Illuminate/Http/Middleware/TrustProxies.php(39): Illuminate\\Pipeline\\Pipeline->Illuminate\\Pipeline\\{closure}(Object(Illuminate\\Http\\Request))
#48 /Users/greelogix/Herd/dev.esnadbusiness.com/vendor/laravel/framework/src/Illuminate/Pipeline/Pipeline.php(180): Illuminate\\Http\\Middleware\\TrustProxies->handle(Object(Illuminate\\Http\\Request), Object(Closure))
#49 /Users/greelogix/Herd/dev.esnadbusiness.com/vendor/laravel/framework/src/Illuminate/Pipeline/Pipeline.php(116): Illuminate\\Pipeline\\Pipeline->Illuminate\\Pipeline\\{closure}(Object(Illuminate\\Http\\Request))
#50 /Users/greelogix/Herd/dev.esnadbusiness.com/vendor/laravel/framework/src/Illuminate/Foundation/Http/Kernel.php(175): Illuminate\\Pipeline\\Pipeline->then(Object(Closure))
#51 /Users/greelogix/Herd/dev.esnadbusiness.com/vendor/laravel/framework/src/Illuminate/Foundation/Http/Kernel.php(144): Illuminate\\Foundation\\Http\\Kernel->sendRequestThroughRouter(Object(Illuminate\\Http\\Request))
#52 /Users/greelogix/Herd/dev.esnadbusiness.com/public/index.php(14): Illuminate\\Foundation\\Http\\Kernel->handle(Object(Illuminate\\Http\\Request))
#53 /Users/greelogix/Herd/dev.esnadbusiness.com/vendor/laravel/framework/src/Illuminate/Foundation/resources/server.php(16): require_once('/Users/greelogi...')
#54 {main}

[previous exception] [object] (PDOException(code: 1045): SQLSTATE[HY000] [1045] Access denied for user 'root'@'localhost' (using password: NO) at /Users/greelogix/Herd/dev.esnadbusiness.com/vendor/laravel/framework/src/Illuminate/Database/Connectors/Connector.php:65)
[stacktrace]
#0 /Users/greelogix/Herd/dev.esnadbusiness.com/vendor/laravel/framework/src/Illuminate/Database/Connectors/Connector.php(65): PDO->__construct('mysql:host=loca...', 'root', Object(SensitiveParameterValue), Array)
#1 /Users/greelogix/Herd/dev.esnadbusiness.com/vendor/laravel/framework/src/Illuminate/Database/Connectors/Connector.php(44): Illuminate\\Database\\Connectors\\Connector->createPdoConnection('mysql:host=loca...', 'root', '', Array)
#2 /Users/greelogix/Herd/dev.esnadbusiness.com/vendor/laravel/framework/src/Illuminate/Database/Connectors/MySqlConnector.php(24): Illuminate\\Database\\Connectors\\Connector->createConnection('mysql:host=loca...', Array, Array)
#3 /Users/greelogix/Herd/dev.esnadbusiness.com/vendor/laravel/framework/src/Illuminate/Database/Connectors/ConnectionFactory.php(184): Illuminate\\Database\\Connectors\\MySqlConnector->connect(Array)
#4 [internal function]: Illuminate\\Database\\Connectors\\ConnectionFactory->Illuminate\\Database\\Connectors\\{closure}()
#5 /Users/greelogix/Herd/dev.esnadbusiness.com/vendor/laravel/framework/src/Illuminate/Database/Connection.php(1275): call_user_func(Object(Closure))
#6 /Users/greelogix/Herd/dev.esnadbusiness.com/vendor/laravel/framework/src/Illuminate/Database/Connection.php(1311): Illuminate\\Database\\Connection->getPdo()
#7 /Users/greelogix/Herd/dev.esnadbusiness.com/vendor/laravel/framework/src/Illuminate/Database/Connection.php(521): Illuminate\\Database\\Connection->getReadPdo()
#8 /Users/greelogix/Herd/dev.esnadbusiness.com/vendor/laravel/framework/src/Illuminate/Database/Connection.php(416): Illuminate\\Database\\Connection->getPdoForSelect(true)
#9 /Users/greelogix/Herd/dev.esnadbusiness.com/vendor/laravel/framework/src/Illuminate/Database/Connection.php(788): Illuminate\\Database\\Connection->Illuminate\\Database\\{closure}('select * from `...', Array)
#10 /Users/greelogix/Herd/dev.esnadbusiness.com/vendor/laravel/framework/src/Illuminate/Database/Connection.php(755): Illuminate\\Database\\Connection->runQueryCallback('select * from `...', Array, Object(Closure))
#11 /Users/greelogix/Herd/dev.esnadbusiness.com/vendor/laravel/framework/src/Illuminate/Database/Connection.php(407): Illuminate\\Database\\Connection->run('select * from `...', Array, Object(Closure))
#12 /Users/greelogix/Herd/dev.esnadbusiness.com/vendor/laravel/framework/src/Illuminate/Database/Query/Builder.php(2747): Illuminate\\Database\\Connection->select('select * from `...', Array, true)
#13 /Users/greelogix/Herd/dev.esnadbusiness.com/vendor/laravel/framework/src/Illuminate/Database/Query/Builder.php(2736): Illuminate\\Database\\Query\\Builder->runSelect()
#14 /Users/greelogix/Herd/dev.esnadbusiness.com/vendor/laravel/framework/src/Illuminate/Database/Query/Builder.php(3290): Illuminate\\Database\\Query\\Builder->Illuminate\\Database\\Query\\{closure}()
#15 /Users/greelogix/Herd/dev.esnadbusiness.com/vendor/laravel/framework/src/Illuminate/Database/Query/Builder.php(2735): Illuminate\\Database\\Query\\Builder->onceWithColumns(Array, Object(Closure))
#16 /Users/greelogix/Herd/dev.esnadbusiness.com/vendor/laravel/framework/src/Illuminate/Database/Concerns/BuildsQueries.php(296): Illuminate\\Database\\Query\\Builder->get(Array)
#17 /Users/greelogix/Herd/dev.esnadbusiness.com/vendor/laravel/framework/src/Illuminate/Database/Query/Builder.php(2658): Illuminate\\Database\\Query\\Builder->first(Array)
#18 /Users/greelogix/Herd/dev.esnadbusiness.com/vendor/laravel/framework/src/Illuminate/Session/DatabaseSessionHandler.php(97): Illuminate\\Database\\Query\\Builder->find('Da1FpXCl9v35O0R...')
#19 /Users/greelogix/Herd/dev.esnadbusiness.com/vendor/laravel/framework/src/Illuminate/Session/Store.php(113): Illuminate\\Session\\DatabaseSessionHandler->read('Da1FpXCl9v35O0R...')
#20 /Users/greelogix/Herd/dev.esnadbusiness.com/vendor/laravel/framework/src/Illuminate/Session/Store.php(101): Illuminate\\Session\\Store->readFromHandler()
#21 /Users/greelogix/Herd/dev.esnadbusiness.com/vendor/laravel/framework/src/Illuminate/Session/Store.php(85): Illuminate\\Session\\Store->loadSession()
#22 /Users/greelogix/Herd/dev.esnadbusiness.com/vendor/laravel/framework/src/Illuminate/Session/Middleware/StartSession.php(148): Illuminate\\Session\\Store->start()
#23 /Users/greelogix/Herd/dev.esnadbusiness.com/vendor/laravel/framework/src/Illuminate/Support/helpers.php(307): Illuminate\\Session\\Middleware\\StartSession->Illuminate\\Session\\Middleware\\{closure}(Object(Illuminate\\Session\\EncryptedStore))
#24 /Users/greelogix/Herd/dev.esnadbusiness.com/vendor/laravel/framework/src/Illuminate/Session/Middleware/StartSession.php(145): tap(Object(Illuminate\\Session\\EncryptedStore), Object(Closure))
#25 /Users/greelogix/Herd/dev.esnadbusiness.com/vendor/laravel/framework/src/Illuminate/Session/Middleware/StartSession.php(117): Illuminate\\Session\\Middleware\\StartSession->startSession(Object(Illuminate\\Http\\Request), Object(Illuminate\\Session\\EncryptedStore))
#26 /Users/greelogix/Herd/dev.esnadbusiness.com/vendor/laravel/framework/src/Illuminate/Session/Middleware/StartSession.php(65): Illuminate\\Session\\Middleware\\StartSession->handleStatefulRequest(Object(Illuminate\\Http\\Request), Object(Illuminate\\Session\\EncryptedStore), Object(Closure))
#27 /Users/greelogix/Herd/dev.esnadbusiness.com/vendor/laravel/framework/src/Illuminate/Pipeline/Pipeline.php(180): Illuminate\\Session\\Middleware\\StartSession->handle(Object(Illuminate\\Http\\Request), Object(Closure))
#28 /Users/greelogix/Herd/dev.esnadbusiness.com/vendor/laravel/framework/src/Illuminate/Cookie/Middleware/AddQueuedCookiesToResponse.php(37): Illuminate\\Pipeline\\Pipeline->Illuminate\\Pipeline\\{closure}(Object(Illuminate\\Http\\Request))
#29 /Users/greelogix/Herd/dev.esnadbusiness.com/vendor/laravel/framework/src/Illuminate/Pipeline/Pipeline.php(180): Illuminate\\Cookie\\Middleware\\AddQueuedCookiesToResponse->handle(Object(Illuminate\\Http\\Request), Object(Closure))
#30 /Users/greelogix/Herd/dev.esnadbusiness.com/vendor/laravel/framework/src/Illuminate/Cookie/Middleware/EncryptCookies.php(67): Illuminate\\Pipeline\\Pipeline->Illuminate\\Pipeline\\{closure}(Object(Illuminate\\Http\\Request))
#31 /Users/greelogix/Herd/dev.esnadbusiness.com/vendor/laravel/framework/src/Illuminate/Pipeline/Pipeline.php(180): Illuminate\\Cookie\\Middleware\\EncryptCookies->handle(Object(Illuminate\\Http\\Request), Object(Closure))
#32 /Users/greelogix/Herd/dev.esnadbusiness.com/vendor/laravel/framework/src/Illuminate/Pipeline/Pipeline.php(116): Illuminate\\Pipeline\\Pipeline->Illuminate\\Pipeline\\{closure}(Object(Illuminate\\Http\\Request))
#33 /Users/greelogix/Herd/dev.esnadbusiness.com/vendor/laravel/framework/src/Illuminate/Routing/Router.php(798): Illuminate\\Pipeline\\Pipeline->then(Object(Closure))
#34 /Users/greelogix/Herd/dev.esnadbusiness.com/vendor/laravel/framework/src/Illuminate/Routing/Router.php(777): Illuminate\\Routing\\Router->runRouteWithinStack(Object(Illuminate\\Routing\\Route), Object(Illuminate\\Http\\Request))
#35 /Users/greelogix/Herd/dev.esnadbusiness.com/vendor/laravel/framework/src/Illuminate/Routing/Router.php(741): Illuminate\\Routing\\Router->runRoute(Object(Illuminate\\Http\\Request), Object(Illuminate\\Routing\\Route))
#36 /Users/greelogix/Herd/dev.esnadbusiness.com/vendor/laravel/framework/src/Illuminate/Routing/Router.php(730): Illuminate\\Routing\\Router->dispatchToRoute(Object(Illuminate\\Http\\Request))
#37 /Users/greelogix/Herd/dev.esnadbusiness.com/vendor/laravel/framework/src/Illuminate/Foundation/Http/Kernel.php(200): Illuminate\\Routing\\Router->dispatch(Object(Illuminate\\Http\\Request))
#38 /Users/greelogix/Herd/dev.esnadbusiness.com/vendor/laravel/framework/src/Illuminate/Pipeline/Pipeline.php(141): Illuminate\\Foundation\\Http\\Kernel->Illuminate\\Foundation\\Http\\{closure}(Object(Illuminate\\Http\\Request))
#39 /Users/greelogix/Herd/dev.esnadbusiness.com/vendor/lukeraymonddowning/honey/src/Http/Middleware/BlockSpammers.php(19): Illuminate\\Pipeline\\Pipeline->Illuminate\\Pipeline\\{closure}(Object(Illuminate\\Http\\Request))
#40 /Users/greelogix/Herd/dev.esnadbusiness.com/vendor/laravel/framework/src/Illuminate/Pipeline/Pipeline.php(180): Lukeraymonddowning\\Honey\\Http\\Middleware\\BlockSpammers->handle(Object(Illuminate\\Http\\Request), Object(Closure))
#41 /Users/greelogix/Herd/dev.esnadbusiness.com/vendor/livewire/livewire/src/DisableBrowserCache.php(19): Illuminate\\Pipeline\\Pipeline->Illuminate\\Pipeline\\{closure}(Object(Illuminate\\Http\\Request))
#42 /Users/greelogix/Herd/dev.esnadbusiness.com/vendor/laravel/framework/src/Illuminate/Pipeline/Pipeline.php(180): Livewire\\DisableBrowserCache->handle(Object(Illuminate\\Http\\Request), Object(Closure))
#43 /Users/greelogix/Herd/dev.esnadbusiness.com/vendor/barryvdh/laravel-debugbar/src/Middleware/InjectDebugbar.php(66): Illuminate\\Pipeline\\Pipeline->Illuminate\\Pipeline\\{closure}(Object(Illuminate\\Http\\Request))
#44 /Users/greelogix/Herd/dev.esnadbusiness.com/vendor/laravel/framework/src/Illuminate/Pipeline/Pipeline.php(180): Barryvdh\\Debugbar\\Middleware\\InjectDebugbar->handle(Object(Illuminate\\Http\\Request), Object(Closure))
#45 /Users/greelogix/Herd/dev.esnadbusiness.com/vendor/laravel/framework/src/Illuminate/Foundation/Http/Middleware/TransformsRequest.php(21): Illuminate\\Pipeline\\Pipeline->Illuminate\\Pipeline\\{closure}(Object(Illuminate\\Http\\Request))
#46 /Users/greelogix/Herd/dev.esnadbusiness.com/vendor/laravel/framework/src/Illuminate/Foundation/Http/Middleware/ConvertEmptyStringsToNull.php(31): Illuminate\\Foundation\\Http\\Middleware\\TransformsRequest->handle(Object(Illuminate\\Http\\Request), Object(Closure))
#47 /Users/greelogix/Herd/dev.esnadbusiness.com/vendor/laravel/framework/src/Illuminate/Pipeline/Pipeline.php(180): Illuminate\\Foundation\\Http\\Middleware\\ConvertEmptyStringsToNull->handle(Object(Illuminate\\Http\\Request), Object(Closure))
#48 /Users/greelogix/Herd/dev.esnadbusiness.com/vendor/laravel/framework/src/Illuminate/Foundation/Http/Middleware/TransformsRequest.php(21): Illuminate\\Pipeline\\Pipeline->Illuminate\\Pipeline\\{closure}(Object(Illuminate\\Http\\Request))
#49 /Users/greelogix/Herd/dev.esnadbusiness.com/vendor/laravel/framework/src/Illuminate/Foundation/Http/Middleware/TrimStrings.php(40): Illuminate\\Foundation\\Http\\Middleware\\TransformsRequest->handle(Object(Illuminate\\Http\\Request), Object(Closure))
#50 /Users/greelogix/Herd/dev.esnadbusiness.com/vendor/laravel/framework/src/Illuminate/Pipeline/Pipeline.php(180): Illuminate\\Foundation\\Http\\Middleware\\TrimStrings->handle(Object(Illuminate\\Http\\Request), Object(Closure))
#51 /Users/greelogix/Herd/dev.esnadbusiness.com/vendor/laravel/framework/src/Illuminate/Foundation/Http/Middleware/ValidatePostSize.php(27): Illuminate\\Pipeline\\Pipeline->Illuminate\\Pipeline\\{closure}(Object(Illuminate\\Http\\Request))
#52 /Users/greelogix/Herd/dev.esnadbusiness.com/vendor/laravel/framework/src/Illuminate/Pipeline/Pipeline.php(180): Illuminate\\Foundation\\Http\\Middleware\\ValidatePostSize->handle(Object(Illuminate\\Http\\Request), Object(Closure))
#53 /Users/greelogix/Herd/dev.esnadbusiness.com/vendor/laravel/framework/src/Illuminate/Foundation/Http/Middleware/PreventRequestsDuringMaintenance.php(86): Illuminate\\Pipeline\\Pipeline->Illuminate\\Pipeline\\{closure}(Object(Illuminate\\Http\\Request))
#54 /Users/greelogix/Herd/dev.esnadbusiness.com/vendor/laravel/framework/src/Illuminate/Pipeline/Pipeline.php(180): Illuminate\\Foundation\\Http\\Middleware\\PreventRequestsDuringMaintenance->handle(Object(Illuminate\\Http\\Request), Object(Closure))
#55 /Users/greelogix/Herd/dev.esnadbusiness.com/vendor/laravel/framework/src/Illuminate/Http/Middleware/HandleCors.php(49): Illuminate\\Pipeline\\Pipeline->Illuminate\\Pipeline\\{closure}(Object(Illuminate\\Http\\Request))
#56 /Users/greelogix/Herd/dev.esnadbusiness.com/vendor/laravel/framework/src/Illuminate/Pipeline/Pipeline.php(180): Illuminate\\Http\\Middleware\\HandleCors->handle(Object(Illuminate\\Http\\Request), Object(Closure))
#57 /Users/greelogix/Herd/dev.esnadbusiness.com/vendor/laravel/framework/src/Illuminate/Http/Middleware/TrustProxies.php(39): Illuminate\\Pipeline\\Pipeline->Illuminate\\Pipeline\\{closure}(Object(Illuminate\\Http\\Request))
#58 /Users/greelogix/Herd/dev.esnadbusiness.com/vendor/laravel/framework/src/Illuminate/Pipeline/Pipeline.php(180): Illuminate\\Http\\Middleware\\TrustProxies->handle(Object(Illuminate\\Http\\Request), Object(Closure))
#59 /Users/greelogix/Herd/dev.esnadbusiness.com/vendor/laravel/framework/src/Illuminate/Pipeline/Pipeline.php(116): Illuminate\\Pipeline\\Pipeline->Illuminate\\Pipeline\\{closure}(Object(Illuminate\\Http\\Request))
#60 /Users/greelogix/Herd/dev.esnadbusiness.com/vendor/laravel/framework/src/Illuminate/Foundation/Http/Kernel.php(175): Illuminate\\Pipeline\\Pipeline->then(Object(Closure))
#61 /Users/greelogix/Herd/dev.esnadbusiness.com/vendor/laravel/framework/src/Illuminate/Foundation/Http/Kernel.php(144): Illuminate\\Foundation\\Http\\Kernel->sendRequestThroughRouter(Object(Illuminate\\Http\\Request))
#62 /Users/greelogix/Herd/dev.esnadbusiness.com/public/index.php(14): Illuminate\\Foundation\\Http\\Kernel->handle(Object(Illuminate\\Http\\Request))
#63 /Users/greelogix/Herd/dev.esnadbusiness.com/vendor/laravel/framework/src/Illuminate/Foundation/resources/server.php(16): require_once('/Users/greelogi...')
#64 {main}
"} 
[2025-05-22 08:37:20] local.ERROR: Debugbar exception: SQLSTATE[HY000] [1045] Access denied for user 'root'@'localhost' (using password: NO) (Connection: mysql, SQL: select * from `sessions` where `id` = Da1FpXCl9v35O0RqYXOEkTlz6ZkfjhtFmHxyQYSF limit 1)  
[2025-05-22 08:37:21] local.ERROR: SQLSTATE[HY000] [1045] Access denied for user 'root'@'localhost' (using password: NO) (Connection: mysql, SQL: select * from `settings_appearance` limit 1) {"view":{"view":"/Users/greelogix/Herd/dev.esnadbusiness.com/resources/views/errors/404.blade.php","data":{"errors":"<pre class=sf-dump id=sf-dump-1852031766 data-indent-pad=\"  \"><span class=sf-dump-note>Illuminate\\Support\\ViewErrorBag</span> {<a class=sf-dump-ref>#1547</a><samp data-depth=1 class=sf-dump-expanded>
  #<span class=sf-dump-protected title=\"Protected property\">bags</span>: []
</samp>}
</pre><script>Sfdump(\"sf-dump-1852031766\", {\"maxDepth\":3,\"maxStringLength\":160})</script>
","exception":"<pre class=sf-dump id=sf-dump-2042727608 data-indent-pad=\"  \"><span class=sf-dump-note>Symfony\\Component\\HttpKernel\\Exception\\NotFoundHttpException</span> {<a class=sf-dump-ref>#994</a><samp data-depth=1 class=sf-dump-expanded>
  #<span class=sf-dump-protected title=\"Protected property\">message</span>: \"<span class=sf-dump-str title=\"41 characters\">The route favicon.ico could not be found.</span>\"
  #<span class=sf-dump-protected title=\"Protected property\">code</span>: <span class=sf-dump-num>0</span>
  #<span class=sf-dump-protected title=\"Protected property\">file</span>: \"<span class=sf-dump-str title=\"/Users/greelogix/Herd/dev.esnadbusiness.com/vendor/laravel/framework/src/Illuminate/Routing/AbstractRouteCollection.php
119 characters\"><span class=\"sf-dump-ellipsis sf-dump-ellipsis-path\">/Users/greelogix/Herd/dev.esnadbusiness.com/vendor</span><span class=\"sf-dump-ellipsis sf-dump-ellipsis-path\">/laravel/framework/</span>src/Illuminate/Routing/AbstractRouteCollection.php</span>\"
  #<span class=sf-dump-protected title=\"Protected property\">line</span>: <span class=sf-dump-num>44</span>
  -<span class=sf-dump-private title=\"Private property defined in class:&#10;`Symfony\\Component\\HttpKernel\\Exception\\HttpException`\">statusCode</span>: <span class=sf-dump-num>404</span>
  -<span class=sf-dump-private title=\"Private property defined in class:&#10;`Symfony\\Component\\HttpKernel\\Exception\\HttpException`\">headers</span>: []
  <span class=sf-dump-meta>trace</span>: {<samp data-depth=2 class=sf-dump-compact>
    <span class=sf-dump-meta title=\"/Users/greelogix/Herd/dev.esnadbusiness.com/vendor/laravel/framework/src/Illuminate/Routing/AbstractRouteCollection.php:44
Stack level 32.\"><span class=\"sf-dump-ellipsis sf-dump-ellipsis-path\">/Users/greelogix/Herd/dev.esnadbusiness.com/vendor</span><span class=\"sf-dump-ellipsis sf-dump-ellipsis-path\">/laravel/framework/</span>src/Illuminate/Routing/AbstractRouteCollection.php:44</span> {<samp data-depth=3 class=sf-dump-compact>
      <span class=sf-dump-note title=\"Illuminate\\Routing\\AbstractRouteCollection-&gt;handleMatchedRoute(Request $request, $route)
\"><span class=\"sf-dump-ellipsis sf-dump-ellipsis-note\">Illuminate\\Routing</span><span class=\"sf-dump-ellipsis sf-dump-ellipsis-note\">\\</span>AbstractRouteCollection-&gt;handleMatchedRoute(Request $request, $route)</span> &#8230;
      &#8250; 
      &#8250; <code class=\"php\"><span class=sf-dump-const title=\"in Illuminate\\Routing\\AbstractRouteCollection-&gt;handleMatchedRoute(Request $request, $route)\">throw new NotFoundHttpException(sprintf(</span></code>
      &#8250; <code class=\"php\"><span class=sf-dump-default>    &#039;The route %s could not be found.&#039;,</span></code>
    </samp>}
    <span class=sf-dump-meta title=\"/Users/greelogix/Herd/dev.esnadbusiness.com/vendor/laravel/framework/src/Illuminate/Routing/RouteCollection.php:162
Stack level 31.\"><span class=\"sf-dump-ellipsis sf-dump-ellipsis-path\">/Users/greelogix/Herd/dev.esnadbusiness.com/vendor</span><span class=\"sf-dump-ellipsis sf-dump-ellipsis-path\">/laravel/framework/</span>src/Illuminate/Routing/RouteCollection.php:162</span> {<samp data-depth=3 class=sf-dump-compact>
      <span class=sf-dump-note title=\"Illuminate\\Routing\\RouteCollection-&gt;match(Request $request)
\"><span class=\"sf-dump-ellipsis sf-dump-ellipsis-note\">Illuminate\\Routing</span><span class=\"sf-dump-ellipsis sf-dump-ellipsis-note\">\\</span>RouteCollection-&gt;match(Request $request)</span> &#8230;
      &#8250; 
      &#8250; <code class=\"php\"><span class=sf-dump-const title=\"in Illuminate\\Routing\\RouteCollection-&gt;match(Request $request)\">    return $this-&gt;handleMatchedRoute($request, $route);</span></code>
      &#8250; <code class=\"php\"><span class=sf-dump-default>}</span></code>
      <span class=sf-dump-meta>arguments</span>: { &#8230;2}
    </samp>}
    <span class=sf-dump-meta title=\"/Users/greelogix/Herd/dev.esnadbusiness.com/vendor/laravel/framework/src/Illuminate/Routing/Router.php:754
Stack level 30.\"><span class=\"sf-dump-ellipsis sf-dump-ellipsis-path\">/Users/greelogix/Herd/dev.esnadbusiness.com/vendor</span><span class=\"sf-dump-ellipsis sf-dump-ellipsis-path\">/laravel/framework/</span>src/Illuminate/Routing/Router.php:754</span> {<samp data-depth=3 class=sf-dump-compact>
      <span class=sf-dump-note title=\"Illuminate\\Routing\\Router-&gt;findRoute($request)
\"><span class=\"sf-dump-ellipsis sf-dump-ellipsis-note\">Illuminate\\Routing</span><span class=\"sf-dump-ellipsis sf-dump-ellipsis-note\">\\</span>Router-&gt;findRoute($request)</span> &#8230;
      &#8250; 
      &#8250; <code class=\"php\"><span class=sf-dump-const title=\"in Illuminate\\Routing\\Router-&gt;findRoute($request)\">$this-&gt;current = $route = $this-&gt;routes-&gt;match($request);</span></code>
      &#8250; 
      <span class=sf-dump-meta>arguments</span>: { &#8230;1}
    </samp>}
    <span class=sf-dump-meta title=\"/Users/greelogix/Herd/dev.esnadbusiness.com/vendor/laravel/framework/src/Illuminate/Routing/Router.php:741
Stack level 29.\"><span class=\"sf-dump-ellipsis sf-dump-ellipsis-path\">/Users/greelogix/Herd/dev.esnadbusiness.com/vendor</span><span class=\"sf-dump-ellipsis sf-dump-ellipsis-path\">/laravel/framework/</span>src/Illuminate/Routing/Router.php:741</span> {<samp data-depth=3 class=sf-dump-compact>
      <span class=sf-dump-note title=\"Illuminate\\Routing\\Router-&gt;dispatchToRoute(Request $request)
\"><span class=\"sf-dump-ellipsis sf-dump-ellipsis-note\">Illuminate\\Routing</span><span class=\"sf-dump-ellipsis sf-dump-ellipsis-note\">\\</span>Router-&gt;dispatchToRoute(Request $request)</span> &#8230;
      &#8250; <code class=\"php\"><span class=sf-dump-default>{</span></code>
      &#8250; <code class=\"php\"><span class=sf-dump-const title=\"in Illuminate\\Routing\\Router-&gt;dispatchToRoute(Request $request)\">    return $this-&gt;runRoute($request, $this-&gt;findRoute($request));</span></code>
      &#8250; <code class=\"php\"><span class=sf-dump-default>}</span></code>
      <span class=sf-dump-meta>arguments</span>: { &#8230;1}
    </samp>}
    <span class=sf-dump-meta title=\"/Users/greelogix/Herd/dev.esnadbusiness.com/vendor/laravel/framework/src/Illuminate/Routing/Router.php:730
Stack level 28.\"><span class=\"sf-dump-ellipsis sf-dump-ellipsis-path\">/Users/greelogix/Herd/dev.esnadbusiness.com/vendor</span><span class=\"sf-dump-ellipsis sf-dump-ellipsis-path\">/laravel/framework/</span>src/Illuminate/Routing/Router.php:730</span> {<samp data-depth=3 class=sf-dump-compact>
      <span class=sf-dump-note title=\"Illuminate\\Routing\\Router-&gt;dispatch(Request $request)
\"><span class=\"sf-dump-ellipsis sf-dump-ellipsis-note\">Illuminate\\Routing</span><span class=\"sf-dump-ellipsis sf-dump-ellipsis-note\">\\</span>Router-&gt;dispatch(Request $request)</span> &#8230;
      &#8250; 
      &#8250; <code class=\"php\"><span class=sf-dump-const title=\"in Illuminate\\Routing\\Router-&gt;dispatch(Request $request)\">    return $this-&gt;dispatchToRoute($request);</span></code>
      &#8250; <code class=\"php\"><span class=sf-dump-default>}</span></code>
      <span class=sf-dump-meta>arguments</span>: { &#8230;1}
    </samp>}
    <span class=sf-dump-meta title=\"/Users/greelogix/Herd/dev.esnadbusiness.com/vendor/laravel/framework/src/Illuminate/Foundation/Http/Kernel.php:200
Stack level 27.\"><span class=\"sf-dump-ellipsis sf-dump-ellipsis-path\">/Users/greelogix/Herd/dev.esnadbusiness.com/vendor</span><span class=\"sf-dump-ellipsis sf-dump-ellipsis-path\">/laravel/framework/</span>src/Illuminate/Foundation/Http/Kernel.php:200</span> {<samp data-depth=3 class=sf-dump-compact>
      <span class=sf-dump-note title=\"Illuminate\\Foundation\\Http\\Kernel-&gt;Illuminate\\Foundation\\Http\\{closure}
\"><span class=\"sf-dump-ellipsis sf-dump-ellipsis-note\">Illuminate\\Foundation\\Http\\Kernel-&gt;Illuminate\\Foundation\\Http</span><span class=\"sf-dump-ellipsis sf-dump-ellipsis-note\">\\</span>{closure}</span> &#8230;
      &#8250; 
      &#8250; <code class=\"php\"><span class=sf-dump-const title=\"in Illuminate\\Foundation\\Http\\Kernel-&gt;Illuminate\\Foundation\\Http\\{closure}\">    return $this-&gt;router-&gt;dispatch($request);</span></code>
      &#8250; <code class=\"php\"><span class=sf-dump-default>};</span></code>
      <span class=sf-dump-meta>arguments</span>: { &#8230;1}
    </samp>}
    <span class=sf-dump-meta title=\"/Users/greelogix/Herd/dev.esnadbusiness.com/vendor/laravel/framework/src/Illuminate/Pipeline/Pipeline.php:141
Stack level 26.\"><span class=\"sf-dump-ellipsis sf-dump-ellipsis-path\">/Users/greelogix/Herd/dev.esnadbusiness.com/vendor</span><span class=\"sf-dump-ellipsis sf-dump-ellipsis-path\">/laravel/framework/</span>src/Illuminate/Pipeline/Pipeline.php:141</span> {<samp data-depth=3 class=sf-dump-compact>
      <span class=sf-dump-note title=\"Illuminate\\Pipeline\\Pipeline-&gt;Illuminate\\Pipeline\\{closure}
\"><span class=\"sf-dump-ellipsis sf-dump-ellipsis-note\">Illuminate\\Pipeline\\Pipeline-&gt;Illuminate\\Pipeline</span><span class=\"sf-dump-ellipsis sf-dump-ellipsis-note\">\\</span>{closure}</span> &#8230;
      &#8250; <code class=\"php\"><span class=sf-dump-default>try {</span></code>
      &#8250; <code class=\"php\"><span class=sf-dump-const title=\"in Illuminate\\Pipeline\\Pipeline-&gt;Illuminate\\Pipeline\\{closure}\">    return $destination($passable);</span></code>
      &#8250; <code class=\"php\"><span class=sf-dump-default>} catch (Throwable $e) {</span></code>
      <span class=sf-dump-meta>arguments</span>: { &#8230;1}
    </samp>}
    <span class=sf-dump-meta title=\"/Users/greelogix/Herd/dev.esnadbusiness.com/vendor/lukeraymonddowning/honey/src/Http/Middleware/BlockSpammers.php:19
Stack level 25.\"><span class=\"sf-dump-ellipsis sf-dump-ellipsis-path\">/Users/greelogix/Herd/dev.esnadbusiness.com/vendor</span><span class=\"sf-dump-ellipsis sf-dump-ellipsis-path\">/lukeraymonddowning/honey/</span>src/Http/Middleware/BlockSpammers.php:19</span> {<samp data-depth=3 class=sf-dump-compact>
      <span class=sf-dump-note title=\"Lukeraymonddowning\\Honey\\Http\\Middleware\\BlockSpammers-&gt;handle(Request $request, callable $next)
\"><span class=\"sf-dump-ellipsis sf-dump-ellipsis-note\">Lukeraymonddowning\\Honey\\Http\\Middleware</span><span class=\"sf-dump-ellipsis sf-dump-ellipsis-note\">\\</span>BlockSpammers-&gt;handle(Request $request, callable $next)</span> &#8230;
      &#8250; 
      &#8250; <code class=\"php\"><span class=sf-dump-const title=\"in Lukeraymonddowning\\Honey\\Http\\Middleware\\BlockSpammers-&gt;handle(Request $request, callable $next)\">    return $next($request);</span></code>
      &#8250; <code class=\"php\"><span class=sf-dump-default>}</span></code>
      <span class=sf-dump-meta>arguments</span>: { &#8230;1}
    </samp>}
    <span class=sf-dump-meta title=\"/Users/greelogix/Herd/dev.esnadbusiness.com/vendor/laravel/framework/src/Illuminate/Pipeline/Pipeline.php:180
Stack level 24.\"><span class=\"sf-dump-ellipsis sf-dump-ellipsis-path\">/Users/greelogix/Herd/dev.esnadbusiness.com/vendor</span><span class=\"sf-dump-ellipsis sf-dump-ellipsis-path\">/laravel/framework/</span>src/Illuminate/Pipeline/Pipeline.php:180</span> {<samp data-depth=3 class=sf-dump-compact>
      <span class=sf-dump-note title=\"Illuminate\\Pipeline\\Pipeline-&gt;Illuminate\\Pipeline\\{closure}
\"><span class=\"sf-dump-ellipsis sf-dump-ellipsis-note\">Illuminate\\Pipeline\\Pipeline-&gt;Illuminate\\Pipeline</span><span class=\"sf-dump-ellipsis sf-dump-ellipsis-note\">\\</span>{closure}</span> &#8230;
      &#8250; <code class=\"php\"><span class=sf-dump-default>$carry = method_exists($pipe, $this-&gt;method)</span></code>
      &#8250; <code class=\"php\"><span class=sf-dump-const title=\"in Illuminate\\Pipeline\\Pipeline-&gt;Illuminate\\Pipeline\\{closure}\">                ? $pipe-&gt;{$this-&gt;method}(...$parameters)</span></code>
      &#8250; <code class=\"php\"><span class=sf-dump-default>                : $pipe(...$parameters);</span></code>
      <span class=sf-dump-meta>arguments</span>: { &#8230;2}
    </samp>}
    <span class=sf-dump-meta title=\"/Users/greelogix/Herd/dev.esnadbusiness.com/vendor/livewire/livewire/src/DisableBrowserCache.php:19
Stack level 23.\"><span class=\"sf-dump-ellipsis sf-dump-ellipsis-path\">/Users/greelogix/Herd/dev.esnadbusiness.com/vendor</span><span class=\"sf-dump-ellipsis sf-dump-ellipsis-path\">/livewire/livewire/</span>src/DisableBrowserCache.php:19</span> {<samp data-depth=3 class=sf-dump-compact>
      <span class=sf-dump-note title=\"Livewire\\DisableBrowserCache-&gt;handle($request, Closure $next)
\"><span class=\"sf-dump-ellipsis sf-dump-ellipsis-note\">Livewire</span><span class=\"sf-dump-ellipsis sf-dump-ellipsis-note\">\\</span>DisableBrowserCache-&gt;handle($request, Closure $next)</span> &#8230;
      &#8250; <code class=\"php\"><span class=sf-dump-default>{</span></code>
      &#8250; <code class=\"php\"><span class=sf-dump-const title=\"in Livewire\\DisableBrowserCache-&gt;handle($request, Closure $next)\">    $response = $next($request);</span></code>
      &#8250; 
      <span class=sf-dump-meta>arguments</span>: { &#8230;1}
    </samp>}
    <span class=sf-dump-meta title=\"/Users/greelogix/Herd/dev.esnadbusiness.com/vendor/laravel/framework/src/Illuminate/Pipeline/Pipeline.php:180
Stack level 22.\"><span class=\"sf-dump-ellipsis sf-dump-ellipsis-path\">/Users/greelogix/Herd/dev.esnadbusiness.com/vendor</span><span class=\"sf-dump-ellipsis sf-dump-ellipsis-path\">/laravel/framework/</span>src/Illuminate/Pipeline/Pipeline.php:180</span> {<samp data-depth=3 class=sf-dump-compact>
      <span class=sf-dump-note title=\"Illuminate\\Pipeline\\Pipeline-&gt;Illuminate\\Pipeline\\{closure}
\"><span class=\"sf-dump-ellipsis sf-dump-ellipsis-note\">Illuminate\\Pipeline\\Pipeline-&gt;Illuminate\\Pipeline</span><span class=\"sf-dump-ellipsis sf-dump-ellipsis-note\">\\</span>{closure}</span> &#8230;
      &#8250; <code class=\"php\"><span class=sf-dump-default>$carry = method_exists($pipe, $this-&gt;method)</span></code>
      &#8250; <code class=\"php\"><span class=sf-dump-const title=\"in Illuminate\\Pipeline\\Pipeline-&gt;Illuminate\\Pipeline\\{closure}\">                ? $pipe-&gt;{$this-&gt;method}(...$parameters)</span></code>
      &#8250; <code class=\"php\"><span class=sf-dump-default>                : $pipe(...$parameters);</span></code>
      <span class=sf-dump-meta>arguments</span>: { &#8230;2}
    </samp>}
    <span class=sf-dump-meta title=\"/Users/greelogix/Herd/dev.esnadbusiness.com/vendor/barryvdh/laravel-debugbar/src/Middleware/InjectDebugbar.php:66
Stack level 21.\"><span class=\"sf-dump-ellipsis sf-dump-ellipsis-path\">/Users/greelogix/Herd/dev.esnadbusiness.com/vendor</span><span class=\"sf-dump-ellipsis sf-dump-ellipsis-path\">/barryvdh/laravel-debugbar/</span>src/Middleware/InjectDebugbar.php:66</span> {<samp data-depth=3 class=sf-dump-compact>
      <span class=sf-dump-note title=\"Barryvdh\\Debugbar\\Middleware\\InjectDebugbar-&gt;handle($request, Closure $next)
\"><span class=\"sf-dump-ellipsis sf-dump-ellipsis-note\">Barryvdh\\Debugbar\\Middleware</span><span class=\"sf-dump-ellipsis sf-dump-ellipsis-note\">\\</span>InjectDebugbar-&gt;handle($request, Closure $next)</span> &#8230;
      &#8250; <code class=\"php\"><span class=sf-dump-default>    /** @var \\Illuminate\\Http\\Response $response */</span></code>
      &#8250; <code class=\"php\"><span class=sf-dump-const title=\"in Barryvdh\\Debugbar\\Middleware\\InjectDebugbar-&gt;handle($request, Closure $next)\">    $response = $next($request);</span></code>
      &#8250; <code class=\"php\"><span class=sf-dump-default>} catch (Throwable $e) {</span></code>
      <span class=sf-dump-meta>arguments</span>: { &#8230;1}
    </samp>}
    <span class=sf-dump-meta title=\"/Users/greelogix/Herd/dev.esnadbusiness.com/vendor/laravel/framework/src/Illuminate/Pipeline/Pipeline.php:180
Stack level 20.\"><span class=\"sf-dump-ellipsis sf-dump-ellipsis-path\">/Users/greelogix/Herd/dev.esnadbusiness.com/vendor</span><span class=\"sf-dump-ellipsis sf-dump-ellipsis-path\">/laravel/framework/</span>src/Illuminate/Pipeline/Pipeline.php:180</span> {<samp data-depth=3 class=sf-dump-compact>
      <span class=sf-dump-note title=\"Illuminate\\Pipeline\\Pipeline-&gt;Illuminate\\Pipeline\\{closure}
\"><span class=\"sf-dump-ellipsis sf-dump-ellipsis-note\">Illuminate\\Pipeline\\Pipeline-&gt;Illuminate\\Pipeline</span><span class=\"sf-dump-ellipsis sf-dump-ellipsis-note\">\\</span>{closure}</span> &#8230;
      &#8250; <code class=\"php\"><span class=sf-dump-default>$carry = method_exists($pipe, $this-&gt;method)</span></code>
      &#8250; <code class=\"php\"><span class=sf-dump-const title=\"in Illuminate\\Pipeline\\Pipeline-&gt;Illuminate\\Pipeline\\{closure}\">                ? $pipe-&gt;{$this-&gt;method}(...$parameters)</span></code>
      &#8250; <code class=\"php\"><span class=sf-dump-default>                : $pipe(...$parameters);</span></code>
      <span class=sf-dump-meta>arguments</span>: { &#8230;2}
    </samp>}
    <span class=sf-dump-meta title=\"/Users/greelogix/Herd/dev.esnadbusiness.com/vendor/laravel/framework/src/Illuminate/Foundation/Http/Middleware/TransformsRequest.php:21
Stack level 19.\"><span class=\"sf-dump-ellipsis sf-dump-ellipsis-path\">/Users/greelogix/Herd/dev.esnadbusiness.com/vendor</span><span class=\"sf-dump-ellipsis sf-dump-ellipsis-path\">/laravel/framework/</span>src/Illuminate/Foundation/Http/Middleware/TransformsRequest.php:21</span> {<samp data-depth=3 class=sf-dump-compact>
      <span class=sf-dump-note title=\"Illuminate\\Foundation\\Http\\Middleware\\TransformsRequest-&gt;handle($request, Closure $next)
\"><span class=\"sf-dump-ellipsis sf-dump-ellipsis-note\">Illuminate\\Foundation\\Http\\Middleware</span><span class=\"sf-dump-ellipsis sf-dump-ellipsis-note\">\\</span>TransformsRequest-&gt;handle($request, Closure $next)</span> &#8230;
      &#8250; 
      &#8250; <code class=\"php\"><span class=sf-dump-const title=\"in Illuminate\\Foundation\\Http\\Middleware\\TransformsRequest-&gt;handle($request, Closure $next)\">    return $next($request);</span></code>
      &#8250; <code class=\"php\"><span class=sf-dump-default>}</span></code>
      <span class=sf-dump-meta>arguments</span>: { &#8230;1}
    </samp>}
    <span class=sf-dump-meta title=\"/Users/greelogix/Herd/dev.esnadbusiness.com/vendor/laravel/framework/src/Illuminate/Foundation/Http/Middleware/ConvertEmptyStringsToNull.php:31
Stack level 18.\"><span class=\"sf-dump-ellipsis sf-dump-ellipsis-path\">/Users/greelogix/Herd/dev.esnadbusiness.com/vendor</span><span class=\"sf-dump-ellipsis sf-dump-ellipsis-path\">/laravel/framework/</span>src/Illuminate/Foundation/Http/Middleware/ConvertEmptyStringsToNull.php:31</span> {<samp data-depth=3 class=sf-dump-compact>
      <span class=sf-dump-note title=\"Illuminate\\Foundation\\Http\\Middleware\\ConvertEmptyStringsToNull-&gt;handle($request, Closure $next)
\"><span class=\"sf-dump-ellipsis sf-dump-ellipsis-note\">Illuminate\\Foundation\\Http\\Middleware</span><span class=\"sf-dump-ellipsis sf-dump-ellipsis-note\">\\</span>ConvertEmptyStringsToNull-&gt;handle($request, Closure $next)</span> &#8230;
      &#8250; 
      &#8250; <code class=\"php\"><span class=sf-dump-const title=\"in Illuminate\\Foundation\\Http\\Middleware\\ConvertEmptyStringsToNull-&gt;handle($request, Closure $next)\">    return parent::handle($request, $next);</span></code>
      &#8250; <code class=\"php\"><span class=sf-dump-default>}</span></code>
      <span class=sf-dump-meta>arguments</span>: { &#8230;2}
    </samp>}
    <span class=sf-dump-meta title=\"/Users/greelogix/Herd/dev.esnadbusiness.com/vendor/laravel/framework/src/Illuminate/Pipeline/Pipeline.php:180
Stack level 17.\"><span class=\"sf-dump-ellipsis sf-dump-ellipsis-path\">/Users/greelogix/Herd/dev.esnadbusiness.com/vendor</span><span class=\"sf-dump-ellipsis sf-dump-ellipsis-path\">/laravel/framework/</span>src/Illuminate/Pipeline/Pipeline.php:180</span> {<samp data-depth=3 class=sf-dump-compact>
      <span class=sf-dump-note title=\"Illuminate\\Pipeline\\Pipeline-&gt;Illuminate\\Pipeline\\{closure}
\"><span class=\"sf-dump-ellipsis sf-dump-ellipsis-note\">Illuminate\\Pipeline\\Pipeline-&gt;Illuminate\\Pipeline</span><span class=\"sf-dump-ellipsis sf-dump-ellipsis-note\">\\</span>{closure}</span> &#8230;
      &#8250; <code class=\"php\"><span class=sf-dump-default>$carry = method_exists($pipe, $this-&gt;method)</span></code>
      &#8250; <code class=\"php\"><span class=sf-dump-const title=\"in Illuminate\\Pipeline\\Pipeline-&gt;Illuminate\\Pipeline\\{closure}\">                ? $pipe-&gt;{$this-&gt;method}(...$parameters)</span></code>
      &#8250; <code class=\"php\"><span class=sf-dump-default>                : $pipe(...$parameters);</span></code>
      <span class=sf-dump-meta>arguments</span>: { &#8230;2}
    </samp>}
    <span class=sf-dump-meta title=\"/Users/greelogix/Herd/dev.esnadbusiness.com/vendor/laravel/framework/src/Illuminate/Foundation/Http/Middleware/TransformsRequest.php:21
Stack level 16.\"><span class=\"sf-dump-ellipsis sf-dump-ellipsis-path\">/Users/greelogix/Herd/dev.esnadbusiness.com/vendor</span><span class=\"sf-dump-ellipsis sf-dump-ellipsis-path\">/laravel/framework/</span>src/Illuminate/Foundation/Http/Middleware/TransformsRequest.php:21</span> {<samp data-depth=3 class=sf-dump-compact>
      <span class=sf-dump-note title=\"Illuminate\\Foundation\\Http\\Middleware\\TransformsRequest-&gt;handle($request, Closure $next)
\"><span class=\"sf-dump-ellipsis sf-dump-ellipsis-note\">Illuminate\\Foundation\\Http\\Middleware</span><span class=\"sf-dump-ellipsis sf-dump-ellipsis-note\">\\</span>TransformsRequest-&gt;handle($request, Closure $next)</span> &#8230;
      &#8250; 
      &#8250; <code class=\"php\"><span class=sf-dump-const title=\"in Illuminate\\Foundation\\Http\\Middleware\\TransformsRequest-&gt;handle($request, Closure $next)\">    return $next($request);</span></code>
      &#8250; <code class=\"php\"><span class=sf-dump-default>}</span></code>
      <span class=sf-dump-meta>arguments</span>: { &#8230;1}
    </samp>}
    <span class=sf-dump-meta title=\"/Users/greelogix/Herd/dev.esnadbusiness.com/vendor/laravel/framework/src/Illuminate/Foundation/Http/Middleware/TrimStrings.php:40
Stack level 15.\"><span class=\"sf-dump-ellipsis sf-dump-ellipsis-path\">/Users/greelogix/Herd/dev.esnadbusiness.com/vendor</span><span class=\"sf-dump-ellipsis sf-dump-ellipsis-path\">/laravel/framework/</span>src/Illuminate/Foundation/Http/Middleware/TrimStrings.php:40</span> {<samp data-depth=3 class=sf-dump-compact>
      <span class=sf-dump-note title=\"Illuminate\\Foundation\\Http\\Middleware\\TrimStrings-&gt;handle($request, Closure $next)
\"><span class=\"sf-dump-ellipsis sf-dump-ellipsis-note\">Illuminate\\Foundation\\Http\\Middleware</span><span class=\"sf-dump-ellipsis sf-dump-ellipsis-note\">\\</span>TrimStrings-&gt;handle($request, Closure $next)</span> &#8230;
      &#8250; 
      &#8250; <code class=\"php\"><span class=sf-dump-const title=\"in Illuminate\\Foundation\\Http\\Middleware\\TrimStrings-&gt;handle($request, Closure $next)\">    return parent::handle($request, $next);</span></code>
      &#8250; <code class=\"php\"><span class=sf-dump-default>}</span></code>
      <span class=sf-dump-meta>arguments</span>: { &#8230;2}
    </samp>}
    <span class=sf-dump-meta title=\"/Users/greelogix/Herd/dev.esnadbusiness.com/vendor/laravel/framework/src/Illuminate/Pipeline/Pipeline.php:180
Stack level 14.\"><span class=\"sf-dump-ellipsis sf-dump-ellipsis-path\">/Users/greelogix/Herd/dev.esnadbusiness.com/vendor</span><span class=\"sf-dump-ellipsis sf-dump-ellipsis-path\">/laravel/framework/</span>src/Illuminate/Pipeline/Pipeline.php:180</span> {<samp data-depth=3 class=sf-dump-compact>
      <span class=sf-dump-note title=\"Illuminate\\Pipeline\\Pipeline-&gt;Illuminate\\Pipeline\\{closure}
\"><span class=\"sf-dump-ellipsis sf-dump-ellipsis-note\">Illuminate\\Pipeline\\Pipeline-&gt;Illuminate\\Pipeline</span><span class=\"sf-dump-ellipsis sf-dump-ellipsis-note\">\\</span>{closure}</span> &#8230;
      &#8250; <code class=\"php\"><span class=sf-dump-default>$carry = method_exists($pipe, $this-&gt;method)</span></code>
      &#8250; <code class=\"php\"><span class=sf-dump-const title=\"in Illuminate\\Pipeline\\Pipeline-&gt;Illuminate\\Pipeline\\{closure}\">                ? $pipe-&gt;{$this-&gt;method}(...$parameters)</span></code>
      &#8250; <code class=\"php\"><span class=sf-dump-default>                : $pipe(...$parameters);</span></code>
      <span class=sf-dump-meta>arguments</span>: { &#8230;2}
    </samp>}
    <span class=sf-dump-meta title=\"/Users/greelogix/Herd/dev.esnadbusiness.com/vendor/laravel/framework/src/Illuminate/Foundation/Http/Middleware/ValidatePostSize.php:27
Stack level 13.\"><span class=\"sf-dump-ellipsis sf-dump-ellipsis-path\">/Users/greelogix/Herd/dev.esnadbusiness.com/vendor</span><span class=\"sf-dump-ellipsis sf-dump-ellipsis-path\">/laravel/framework/</span>src/Illuminate/Foundation/Http/Middleware/ValidatePostSize.php:27</span> {<samp data-depth=3 class=sf-dump-compact>
      <span class=sf-dump-note title=\"Illuminate\\Foundation\\Http\\Middleware\\ValidatePostSize-&gt;handle($request, Closure $next)
\"><span class=\"sf-dump-ellipsis sf-dump-ellipsis-note\">Illuminate\\Foundation\\Http\\Middleware</span><span class=\"sf-dump-ellipsis sf-dump-ellipsis-note\">\\</span>ValidatePostSize-&gt;handle($request, Closure $next)</span> &#8230;
      &#8250; 
      &#8250; <code class=\"php\"><span class=sf-dump-const title=\"in Illuminate\\Foundation\\Http\\Middleware\\ValidatePostSize-&gt;handle($request, Closure $next)\">    return $next($request);</span></code>
      &#8250; <code class=\"php\"><span class=sf-dump-default>}</span></code>
      <span class=sf-dump-meta>arguments</span>: { &#8230;1}
    </samp>}
    <span class=sf-dump-meta title=\"/Users/greelogix/Herd/dev.esnadbusiness.com/vendor/laravel/framework/src/Illuminate/Pipeline/Pipeline.php:180
Stack level 12.\"><span class=\"sf-dump-ellipsis sf-dump-ellipsis-path\">/Users/greelogix/Herd/dev.esnadbusiness.com/vendor</span><span class=\"sf-dump-ellipsis sf-dump-ellipsis-path\">/laravel/framework/</span>src/Illuminate/Pipeline/Pipeline.php:180</span> {<samp data-depth=3 class=sf-dump-compact>
      <span class=sf-dump-note title=\"Illuminate\\Pipeline\\Pipeline-&gt;Illuminate\\Pipeline\\{closure}
\"><span class=\"sf-dump-ellipsis sf-dump-ellipsis-note\">Illuminate\\Pipeline\\Pipeline-&gt;Illuminate\\Pipeline</span><span class=\"sf-dump-ellipsis sf-dump-ellipsis-note\">\\</span>{closure}</span> &#8230;
      &#8250; <code class=\"php\"><span class=sf-dump-default>$carry = method_exists($pipe, $this-&gt;method)</span></code>
      &#8250; <code class=\"php\"><span class=sf-dump-const title=\"in Illuminate\\Pipeline\\Pipeline-&gt;Illuminate\\Pipeline\\{closure}\">                ? $pipe-&gt;{$this-&gt;method}(...$parameters)</span></code>
      &#8250; <code class=\"php\"><span class=sf-dump-default>                : $pipe(...$parameters);</span></code>
      <span class=sf-dump-meta>arguments</span>: { &#8230;2}
    </samp>}
    <span class=sf-dump-meta title=\"/Users/greelogix/Herd/dev.esnadbusiness.com/vendor/laravel/framework/src/Illuminate/Foundation/Http/Middleware/PreventRequestsDuringMaintenance.php:86
Stack level 11.\"><span class=\"sf-dump-ellipsis sf-dump-ellipsis-path\">/Users/greelogix/Herd/dev.esnadbusiness.com/vendor</span><span class=\"sf-dump-ellipsis sf-dump-ellipsis-path\">/laravel/framework/</span>src/Illuminate/Foundation/Http/Middleware/PreventRequestsDuringMaintenance.php:86</span> {<samp data-depth=3 class=sf-dump-compact>
      <span class=sf-dump-note title=\"Illuminate\\Foundation\\Http\\Middleware\\PreventRequestsDuringMaintenance-&gt;handle($request, Closure $next)
\"><span class=\"sf-dump-ellipsis sf-dump-ellipsis-note\">Illuminate\\Foundation\\Http\\Middleware</span><span class=\"sf-dump-ellipsis sf-dump-ellipsis-note\">\\</span>PreventRequestsDuringMaintenance-&gt;handle($request, Closure $next)</span> &#8230;
      &#8250; 
      &#8250; <code class=\"php\"><span class=sf-dump-const title=\"in Illuminate\\Foundation\\Http\\Middleware\\PreventRequestsDuringMaintenance-&gt;handle($request, Closure $next)\">    return $next($request);</span></code>
      &#8250; <code class=\"php\"><span class=sf-dump-default>}</span></code>
      <span class=sf-dump-meta>arguments</span>: { &#8230;1}
    </samp>}
    <span class=sf-dump-meta title=\"/Users/greelogix/Herd/dev.esnadbusiness.com/vendor/laravel/framework/src/Illuminate/Pipeline/Pipeline.php:180
Stack level 10.\"><span class=\"sf-dump-ellipsis sf-dump-ellipsis-path\">/Users/greelogix/Herd/dev.esnadbusiness.com/vendor</span><span class=\"sf-dump-ellipsis sf-dump-ellipsis-path\">/laravel/framework/</span>src/Illuminate/Pipeline/Pipeline.php:180</span> {<samp data-depth=3 class=sf-dump-compact>
      <span class=sf-dump-note title=\"Illuminate\\Pipeline\\Pipeline-&gt;Illuminate\\Pipeline\\{closure}
\"><span class=\"sf-dump-ellipsis sf-dump-ellipsis-note\">Illuminate\\Pipeline\\Pipeline-&gt;Illuminate\\Pipeline</span><span class=\"sf-dump-ellipsis sf-dump-ellipsis-note\">\\</span>{closure}</span> &#8230;
      &#8250; <code class=\"php\"><span class=sf-dump-default>$carry = method_exists($pipe, $this-&gt;method)</span></code>
      &#8250; <code class=\"php\"><span class=sf-dump-const title=\"in Illuminate\\Pipeline\\Pipeline-&gt;Illuminate\\Pipeline\\{closure}\">                ? $pipe-&gt;{$this-&gt;method}(...$parameters)</span></code>
      &#8250; <code class=\"php\"><span class=sf-dump-default>                : $pipe(...$parameters);</span></code>
      <span class=sf-dump-meta>arguments</span>: { &#8230;2}
    </samp>}
    <span class=sf-dump-meta title=\"/Users/greelogix/Herd/dev.esnadbusiness.com/vendor/laravel/framework/src/Illuminate/Http/Middleware/HandleCors.php:49
Stack level 9.\"><span class=\"sf-dump-ellipsis sf-dump-ellipsis-path\">/Users/greelogix/Herd/dev.esnadbusiness.com/vendor</span><span class=\"sf-dump-ellipsis sf-dump-ellipsis-path\">/laravel/framework/</span>src/Illuminate/Http/Middleware/HandleCors.php:49</span> {<samp data-depth=3 class=sf-dump-compact>
      <span class=sf-dump-note title=\"Illuminate\\Http\\Middleware\\HandleCors-&gt;handle($request, Closure $next)
\"><span class=\"sf-dump-ellipsis sf-dump-ellipsis-note\">Illuminate\\Http\\Middleware</span><span class=\"sf-dump-ellipsis sf-dump-ellipsis-note\">\\</span>HandleCors-&gt;handle($request, Closure $next)</span> &#8230;
      &#8250; <code class=\"php\"><span class=sf-dump-default>if (! $this-&gt;hasMatchingPath($request)) {</span></code>
      &#8250; <code class=\"php\"><span class=sf-dump-const title=\"in Illuminate\\Http\\Middleware\\HandleCors-&gt;handle($request, Closure $next)\">    return $next($request);</span></code>
      &#8250; <code class=\"php\"><span class=sf-dump-default>}</span></code>
      <span class=sf-dump-meta>arguments</span>: { &#8230;1}
    </samp>}
    <span class=sf-dump-meta title=\"/Users/greelogix/Herd/dev.esnadbusiness.com/vendor/laravel/framework/src/Illuminate/Pipeline/Pipeline.php:180
Stack level 8.\"><span class=\"sf-dump-ellipsis sf-dump-ellipsis-path\">/Users/greelogix/Herd/dev.esnadbusiness.com/vendor</span><span class=\"sf-dump-ellipsis sf-dump-ellipsis-path\">/laravel/framework/</span>src/Illuminate/Pipeline/Pipeline.php:180</span> {<samp data-depth=3 class=sf-dump-compact>
      <span class=sf-dump-note title=\"Illuminate\\Pipeline\\Pipeline-&gt;Illuminate\\Pipeline\\{closure}
\"><span class=\"sf-dump-ellipsis sf-dump-ellipsis-note\">Illuminate\\Pipeline\\Pipeline-&gt;Illuminate\\Pipeline</span><span class=\"sf-dump-ellipsis sf-dump-ellipsis-note\">\\</span>{closure}</span> &#8230;
      &#8250; <code class=\"php\"><span class=sf-dump-default>$carry = method_exists($pipe, $this-&gt;method)</span></code>
      &#8250; <code class=\"php\"><span class=sf-dump-const title=\"in Illuminate\\Pipeline\\Pipeline-&gt;Illuminate\\Pipeline\\{closure}\">                ? $pipe-&gt;{$this-&gt;method}(...$parameters)</span></code>
      &#8250; <code class=\"php\"><span class=sf-dump-default>                : $pipe(...$parameters);</span></code>
      <span class=sf-dump-meta>arguments</span>: { &#8230;2}
    </samp>}
    <span class=sf-dump-meta title=\"/Users/greelogix/Herd/dev.esnadbusiness.com/vendor/laravel/framework/src/Illuminate/Http/Middleware/TrustProxies.php:39
Stack level 7.\"><span class=\"sf-dump-ellipsis sf-dump-ellipsis-path\">/Users/greelogix/Herd/dev.esnadbusiness.com/vendor</span><span class=\"sf-dump-ellipsis sf-dump-ellipsis-path\">/laravel/framework/</span>src/Illuminate/Http/Middleware/TrustProxies.php:39</span> {<samp data-depth=3 class=sf-dump-compact>
      <span class=sf-dump-note title=\"Illuminate\\Http\\Middleware\\TrustProxies-&gt;handle(Request $request, Closure $next)
\"><span class=\"sf-dump-ellipsis sf-dump-ellipsis-note\">Illuminate\\Http\\Middleware</span><span class=\"sf-dump-ellipsis sf-dump-ellipsis-note\">\\</span>TrustProxies-&gt;handle(Request $request, Closure $next)</span> &#8230;
      &#8250; 
      &#8250; <code class=\"php\"><span class=sf-dump-const title=\"in Illuminate\\Http\\Middleware\\TrustProxies-&gt;handle(Request $request, Closure $next)\">    return $next($request);</span></code>
      &#8250; <code class=\"php\"><span class=sf-dump-default>}</span></code>
      <span class=sf-dump-meta>arguments</span>: { &#8230;1}
    </samp>}
    <span class=sf-dump-meta title=\"/Users/greelogix/Herd/dev.esnadbusiness.com/vendor/laravel/framework/src/Illuminate/Pipeline/Pipeline.php:180
Stack level 6.\"><span class=\"sf-dump-ellipsis sf-dump-ellipsis-path\">/Users/greelogix/Herd/dev.esnadbusiness.com/vendor</span><span class=\"sf-dump-ellipsis sf-dump-ellipsis-path\">/laravel/framework/</span>src/Illuminate/Pipeline/Pipeline.php:180</span> {<samp data-depth=3 class=sf-dump-compact>
      <span class=sf-dump-note title=\"Illuminate\\Pipeline\\Pipeline-&gt;Illuminate\\Pipeline\\{closure}
\"><span class=\"sf-dump-ellipsis sf-dump-ellipsis-note\">Illuminate\\Pipeline\\Pipeline-&gt;Illuminate\\Pipeline</span><span class=\"sf-dump-ellipsis sf-dump-ellipsis-note\">\\</span>{closure}</span> &#8230;
      &#8250; <code class=\"php\"><span class=sf-dump-default>$carry = method_exists($pipe, $this-&gt;method)</span></code>
      &#8250; <code class=\"php\"><span class=sf-dump-const title=\"in Illuminate\\Pipeline\\Pipeline-&gt;Illuminate\\Pipeline\\{closure}\">                ? $pipe-&gt;{$this-&gt;method}(...$parameters)</span></code>
      &#8250; <code class=\"php\"><span class=sf-dump-default>                : $pipe(...$parameters);</span></code>
      <span class=sf-dump-meta>arguments</span>: { &#8230;2}
    </samp>}
    <span class=sf-dump-meta title=\"/Users/greelogix/Herd/dev.esnadbusiness.com/vendor/laravel/framework/src/Illuminate/Pipeline/Pipeline.php:116
Stack level 5.\"><span class=\"sf-dump-ellipsis sf-dump-ellipsis-path\">/Users/greelogix/Herd/dev.esnadbusiness.com/vendor</span><span class=\"sf-dump-ellipsis sf-dump-ellipsis-path\">/laravel/framework/</span>src/Illuminate/Pipeline/Pipeline.php:116</span> {<samp data-depth=3 class=sf-dump-compact>
      <span class=sf-dump-note title=\"Illuminate\\Pipeline\\Pipeline-&gt;then(Closure $destination)
\"><span class=\"sf-dump-ellipsis sf-dump-ellipsis-note\">Illuminate\\Pipeline</span><span class=\"sf-dump-ellipsis sf-dump-ellipsis-note\">\\</span>Pipeline-&gt;then(Closure $destination)</span> &#8230;
      &#8250; 
      &#8250; <code class=\"php\"><span class=sf-dump-const title=\"in Illuminate\\Pipeline\\Pipeline-&gt;then(Closure $destination)\">    return $pipeline($this-&gt;passable);</span></code>
      &#8250; <code class=\"php\"><span class=sf-dump-default>}</span></code>
      <span class=sf-dump-meta>arguments</span>: { &#8230;1}
    </samp>}
    <span class=sf-dump-meta title=\"/Users/greelogix/Herd/dev.esnadbusiness.com/vendor/laravel/framework/src/Illuminate/Foundation/Http/Kernel.php:175
Stack level 4.\"><span class=\"sf-dump-ellipsis sf-dump-ellipsis-path\">/Users/greelogix/Herd/dev.esnadbusiness.com/vendor</span><span class=\"sf-dump-ellipsis sf-dump-ellipsis-path\">/laravel/framework/</span>src/Illuminate/Foundation/Http/Kernel.php:175</span> {<samp data-depth=3 class=sf-dump-compact>
      <span class=sf-dump-note title=\"Illuminate\\Foundation\\Http\\Kernel-&gt;sendRequestThroughRouter($request)
\"><span class=\"sf-dump-ellipsis sf-dump-ellipsis-note\">Illuminate\\Foundation\\Http</span><span class=\"sf-dump-ellipsis sf-dump-ellipsis-note\">\\</span>Kernel-&gt;sendRequestThroughRouter($request)</span> &#8230;
      &#8250; <code class=\"php\"><span class=sf-dump-default>                -&gt;through($this-&gt;app-&gt;shouldSkipMiddleware() ? [] : $this-&gt;middleware)</span></code>
      &#8250; <code class=\"php\"><span class=sf-dump-const title=\"in Illuminate\\Foundation\\Http\\Kernel-&gt;sendRequestThroughRouter($request)\">                -&gt;then($this-&gt;dispatchToRouter());</span></code>
      &#8250; <code class=\"php\"><span class=sf-dump-default>}</span></code>
      <span class=sf-dump-meta>arguments</span>: { &#8230;1}
    </samp>}
    <span class=sf-dump-meta title=\"/Users/greelogix/Herd/dev.esnadbusiness.com/vendor/laravel/framework/src/Illuminate/Foundation/Http/Kernel.php:144
Stack level 3.\"><span class=\"sf-dump-ellipsis sf-dump-ellipsis-path\">/Users/greelogix/Herd/dev.esnadbusiness.com/vendor</span><span class=\"sf-dump-ellipsis sf-dump-ellipsis-path\">/laravel/framework/</span>src/Illuminate/Foundation/Http/Kernel.php:144</span> {<samp data-depth=3 class=sf-dump-compact>
      <span class=sf-dump-note title=\"Illuminate\\Foundation\\Http\\Kernel-&gt;handle($request)
\"><span class=\"sf-dump-ellipsis sf-dump-ellipsis-note\">Illuminate\\Foundation\\Http</span><span class=\"sf-dump-ellipsis sf-dump-ellipsis-note\">\\</span>Kernel-&gt;handle($request)</span> &#8230;
      &#8250; 
      &#8250; <code class=\"php\"><span class=sf-dump-const title=\"in Illuminate\\Foundation\\Http\\Kernel-&gt;handle($request)\">    $response = $this-&gt;sendRequestThroughRouter($request);</span></code>
      &#8250; <code class=\"php\"><span class=sf-dump-default>} catch (Throwable $e) {</span></code>
      <span class=sf-dump-meta>arguments</span>: { &#8230;1}
    </samp>}
    <span class=sf-dump-meta title=\"/Users/greelogix/Herd/dev.esnadbusiness.com/public/index.php:14
Stack level 2.\"><span class=\"sf-dump-ellipsis sf-dump-ellipsis-path\">/Users/greelogix/Herd/dev.esnadbusiness.com</span><span class=\"sf-dump-ellipsis sf-dump-ellipsis-path\">/</span>public/index.php:14</span> {<samp data-depth=3 class=sf-dump-compact>
      <span class=sf-dump-note>require_once</span> &#8230;
      &#8250; 
      &#8250; <code class=\"php\"><span class=sf-dump-const title=\"in require_once\">$response = $kernel-&gt;handle(</span></code>
      &#8250; <code class=\"php\"><span class=sf-dump-default>    $request = Request::capture()</span></code>
      <span class=sf-dump-meta>arguments</span>: { &#8230;1}
    </samp>}
    <span class=sf-dump-meta title=\"/Users/greelogix/Herd/dev.esnadbusiness.com/vendor/laravel/framework/src/Illuminate/Foundation/resources/server.php:16
Stack level 1.\"><span class=\"sf-dump-ellipsis sf-dump-ellipsis-path\">/Users/greelogix/Herd/dev.esnadbusiness.com/vendor</span><span class=\"sf-dump-ellipsis sf-dump-ellipsis-path\">/laravel/framework/</span>src/Illuminate/Foundation/resources/server.php:16</span> {<samp data-depth=3 class=sf-dump-compact>
      &#8250; 
      &#8250; <code class=\"php\"><span class=sf-dump-const title=\"\">require_once $publicPath.&#039;/index.php&#039;;</span></code>
      &#8250; 
      <span class=sf-dump-meta>arguments</span>: { &#8230;1}
    </samp>}
  </samp>}
</samp>}
</pre><script>Sfdump(\"sf-dump-2042727608\", {\"maxDepth\":3,\"maxStringLength\":160})</script>
"}},"exception":"[object] (Spatie\\LaravelIgnition\\Exceptions\\ViewException(code: 0): SQLSTATE[HY000] [1045] Access denied for user 'root'@'localhost' (using password: NO) (Connection: mysql, SQL: select * from `settings_appearance` limit 1) at /Users/greelogix/Herd/dev.esnadbusiness.com/vendor/laravel/framework/src/Illuminate/Database/Connection.php:795)
[stacktrace]
#0 /Users/greelogix/Herd/dev.esnadbusiness.com/vendor/laravel/framework/src/Illuminate/Database/Connection.php(755): Illuminate\\Database\\Connection->runQueryCallback('select * from `...', Array, Object(Closure))
#1 /Users/greelogix/Herd/dev.esnadbusiness.com/vendor/laravel/framework/src/Illuminate/Database/Connection.php(407): Illuminate\\Database\\Connection->run('select * from `...', Array, Object(Closure))
#2 /Users/greelogix/Herd/dev.esnadbusiness.com/vendor/laravel/framework/src/Illuminate/Database/Query/Builder.php(2747): Illuminate\\Database\\Connection->select('select * from `...', Array, true)
#3 /Users/greelogix/Herd/dev.esnadbusiness.com/vendor/laravel/framework/src/Illuminate/Database/Query/Builder.php(2736): Illuminate\\Database\\Query\\Builder->runSelect()
#4 /Users/greelogix/Herd/dev.esnadbusiness.com/vendor/laravel/framework/src/Illuminate/Database/Query/Builder.php(3290): Illuminate\\Database\\Query\\Builder->Illuminate\\Database\\Query\\{closure}()
#5 /Users/greelogix/Herd/dev.esnadbusiness.com/vendor/laravel/framework/src/Illuminate/Database/Query/Builder.php(2735): Illuminate\\Database\\Query\\Builder->onceWithColumns(Array, Object(Closure))
#6 /Users/greelogix/Herd/dev.esnadbusiness.com/vendor/laravel/framework/src/Illuminate/Database/Eloquent/Builder.php(720): Illuminate\\Database\\Query\\Builder->get(Array)
#7 /Users/greelogix/Herd/dev.esnadbusiness.com/vendor/laravel/framework/src/Illuminate/Database/Eloquent/Builder.php(704): Illuminate\\Database\\Eloquent\\Builder->getModels(Array)
#8 /Users/greelogix/Herd/dev.esnadbusiness.com/vendor/laravel/framework/src/Illuminate/Database/Concerns/BuildsQueries.php(296): Illuminate\\Database\\Eloquent\\Builder->get(Array)
#9 /Users/greelogix/Herd/dev.esnadbusiness.com/app/Utils/Helper/helpers.php(455): Illuminate\\Database\\Eloquent\\Builder->first()
#10 /Users/greelogix/Herd/dev.esnadbusiness.com/vendor/laravel/framework/src/Illuminate/Cache/Repository.php(438): {closure}()
#11 /Users/greelogix/Herd/dev.esnadbusiness.com/vendor/laravel/framework/src/Illuminate/Cache/CacheManager.php(424): Illuminate\\Cache\\Repository->rememberForever('settings_appear...', Object(Closure))
#12 /Users/greelogix/Herd/dev.esnadbusiness.com/vendor/laravel/framework/src/Illuminate/Support/Facades/Facade.php(353): Illuminate\\Cache\\CacheManager->__call('rememberForever', Array)
#13 /Users/greelogix/Herd/dev.esnadbusiness.com/app/Utils/Helper/helpers.php(454): Illuminate\\Support\\Facades\\Facade::__callStatic('rememberForever', Array)
#14 /Users/greelogix/Herd/dev.esnadbusiness.com/resources/views/errors/404.blade.php(10): settings('appearance')
#15 /Users/greelogix/Herd/dev.esnadbusiness.com/vendor/laravel/framework/src/Illuminate/Filesystem/Filesystem.php(124): require('/Users/greelogi...')
#16 /Users/greelogix/Herd/dev.esnadbusiness.com/vendor/laravel/framework/src/Illuminate/Filesystem/Filesystem.php(125): Illuminate\\Filesystem\\Filesystem::Illuminate\\Filesystem\\{closure}()
#17 /Users/greelogix/Herd/dev.esnadbusiness.com/vendor/laravel/framework/src/Illuminate/View/Engines/PhpEngine.php(58): Illuminate\\Filesystem\\Filesystem->getRequire('/Users/greelogi...', Array)
#18 /Users/greelogix/Herd/dev.esnadbusiness.com/vendor/livewire/livewire/src/ComponentConcerns/RendersLivewireComponents.php(69): Illuminate\\View\\Engines\\PhpEngine->evaluatePath('/Users/greelogi...', Array)
#19 /Users/greelogix/Herd/dev.esnadbusiness.com/vendor/laravel/framework/src/Illuminate/View/Engines/CompilerEngine.php(72): Livewire\\LivewireViewCompilerEngine->evaluatePath('/Users/greelogi...', Array)
#20 /Users/greelogix/Herd/dev.esnadbusiness.com/vendor/livewire/livewire/src/ComponentConcerns/RendersLivewireComponents.php(35): Illuminate\\View\\Engines\\CompilerEngine->get('/Users/greelogi...', Array)
#21 /Users/greelogix/Herd/dev.esnadbusiness.com/vendor/laravel/framework/src/Illuminate/View/View.php(195): Livewire\\LivewireViewCompilerEngine->get('/Users/greelogi...', Array)
#22 /Users/greelogix/Herd/dev.esnadbusiness.com/vendor/laravel/framework/src/Illuminate/View/View.php(178): Illuminate\\View\\View->getContents()
#23 /Users/greelogix/Herd/dev.esnadbusiness.com/vendor/laravel/framework/src/Illuminate/View/View.php(147): Illuminate\\View\\View->renderContents()
#24 /Users/greelogix/Herd/dev.esnadbusiness.com/vendor/laravel/framework/src/Illuminate/Http/Response.php(69): Illuminate\\View\\View->render()
#25 /Users/greelogix/Herd/dev.esnadbusiness.com/vendor/laravel/framework/src/Illuminate/Http/Response.php(35): Illuminate\\Http\\Response->setContent(Object(Illuminate\\View\\View))
#26 /Users/greelogix/Herd/dev.esnadbusiness.com/vendor/laravel/framework/src/Illuminate/Routing/ResponseFactory.php(57): Illuminate\\Http\\Response->__construct(Object(Illuminate\\View\\View), 404, Array)
#27 /Users/greelogix/Herd/dev.esnadbusiness.com/vendor/laravel/framework/src/Illuminate/Routing/ResponseFactory.php(87): Illuminate\\Routing\\ResponseFactory->make(Object(Illuminate\\View\\View), 404, Array)
#28 /Users/greelogix/Herd/dev.esnadbusiness.com/vendor/laravel/framework/src/Illuminate/Foundation/Exceptions/Handler.php(658): Illuminate\\Routing\\ResponseFactory->view('errors::404', Array, 404, Array)
#29 /Users/greelogix/Herd/dev.esnadbusiness.com/vendor/laravel/framework/src/Illuminate/Foundation/Exceptions/Handler.php(586): Illuminate\\Foundation\\Exceptions\\Handler->renderHttpException(Object(Symfony\\Component\\HttpKernel\\Exception\\NotFoundHttpException))
#30 /Users/greelogix/Herd/dev.esnadbusiness.com/vendor/laravel/framework/src/Illuminate/Foundation/Exceptions/Handler.php(492): Illuminate\\Foundation\\Exceptions\\Handler->prepareResponse(Object(Illuminate\\Http\\Request), Object(Symfony\\Component\\HttpKernel\\Exception\\NotFoundHttpException))
#31 /Users/greelogix/Herd/dev.esnadbusiness.com/vendor/laravel/framework/src/Illuminate/Foundation/Exceptions/Handler.php(409): Illuminate\\Foundation\\Exceptions\\Handler->renderExceptionResponse(Object(Illuminate\\Http\\Request), Object(Symfony\\Component\\HttpKernel\\Exception\\NotFoundHttpException))
#32 /Users/greelogix/Herd/dev.esnadbusiness.com/vendor/laravel/framework/src/Illuminate/Routing/Pipeline.php(51): Illuminate\\Foundation\\Exceptions\\Handler->render(Object(Illuminate\\Http\\Request), Object(Symfony\\Component\\HttpKernel\\Exception\\NotFoundHttpException))
#33 /Users/greelogix/Herd/dev.esnadbusiness.com/vendor/laravel/framework/src/Illuminate/Pipeline/Pipeline.php(143): Illuminate\\Routing\\Pipeline->handleException(Object(Illuminate\\Http\\Request), Object(Symfony\\Component\\HttpKernel\\Exception\\NotFoundHttpException))
#34 /Users/greelogix/Herd/dev.esnadbusiness.com/vendor/lukeraymonddowning/honey/src/Http/Middleware/BlockSpammers.php(19): Illuminate\\Pipeline\\Pipeline->Illuminate\\Pipeline\\{closure}(Object(Illuminate\\Http\\Request))
#35 /Users/greelogix/Herd/dev.esnadbusiness.com/vendor/laravel/framework/src/Illuminate/Pipeline/Pipeline.php(180): Lukeraymonddowning\\Honey\\Http\\Middleware\\BlockSpammers->handle(Object(Illuminate\\Http\\Request), Object(Closure))
#36 /Users/greelogix/Herd/dev.esnadbusiness.com/vendor/livewire/livewire/src/DisableBrowserCache.php(19): Illuminate\\Pipeline\\Pipeline->Illuminate\\Pipeline\\{closure}(Object(Illuminate\\Http\\Request))
#37 /Users/greelogix/Herd/dev.esnadbusiness.com/vendor/laravel/framework/src/Illuminate/Pipeline/Pipeline.php(180): Livewire\\DisableBrowserCache->handle(Object(Illuminate\\Http\\Request), Object(Closure))
#38 /Users/greelogix/Herd/dev.esnadbusiness.com/vendor/barryvdh/laravel-debugbar/src/Middleware/InjectDebugbar.php(66): Illuminate\\Pipeline\\Pipeline->Illuminate\\Pipeline\\{closure}(Object(Illuminate\\Http\\Request))
#39 /Users/greelogix/Herd/dev.esnadbusiness.com/vendor/laravel/framework/src/Illuminate/Pipeline/Pipeline.php(180): Barryvdh\\Debugbar\\Middleware\\InjectDebugbar->handle(Object(Illuminate\\Http\\Request), Object(Closure))
#40 /Users/greelogix/Herd/dev.esnadbusiness.com/vendor/laravel/framework/src/Illuminate/Foundation/Http/Middleware/TransformsRequest.php(21): Illuminate\\Pipeline\\Pipeline->Illuminate\\Pipeline\\{closure}(Object(Illuminate\\Http\\Request))
#41 /Users/greelogix/Herd/dev.esnadbusiness.com/vendor/laravel/framework/src/Illuminate/Foundation/Http/Middleware/ConvertEmptyStringsToNull.php(31): Illuminate\\Foundation\\Http\\Middleware\\TransformsRequest->handle(Object(Illuminate\\Http\\Request), Object(Closure))
#42 /Users/greelogix/Herd/dev.esnadbusiness.com/vendor/laravel/framework/src/Illuminate/Pipeline/Pipeline.php(180): Illuminate\\Foundation\\Http\\Middleware\\ConvertEmptyStringsToNull->handle(Object(Illuminate\\Http\\Request), Object(Closure))
#43 /Users/greelogix/Herd/dev.esnadbusiness.com/vendor/laravel/framework/src/Illuminate/Foundation/Http/Middleware/TransformsRequest.php(21): Illuminate\\Pipeline\\Pipeline->Illuminate\\Pipeline\\{closure}(Object(Illuminate\\Http\\Request))
#44 /Users/greelogix/Herd/dev.esnadbusiness.com/vendor/laravel/framework/src/Illuminate/Foundation/Http/Middleware/TrimStrings.php(40): Illuminate\\Foundation\\Http\\Middleware\\TransformsRequest->handle(Object(Illuminate\\Http\\Request), Object(Closure))
#45 /Users/greelogix/Herd/dev.esnadbusiness.com/vendor/laravel/framework/src/Illuminate/Pipeline/Pipeline.php(180): Illuminate\\Foundation\\Http\\Middleware\\TrimStrings->handle(Object(Illuminate\\Http\\Request), Object(Closure))
#46 /Users/greelogix/Herd/dev.esnadbusiness.com/vendor/laravel/framework/src/Illuminate/Foundation/Http/Middleware/ValidatePostSize.php(27): Illuminate\\Pipeline\\Pipeline->Illuminate\\Pipeline\\{closure}(Object(Illuminate\\Http\\Request))
#47 /Users/greelogix/Herd/dev.esnadbusiness.com/vendor/laravel/framework/src/Illuminate/Pipeline/Pipeline.php(180): Illuminate\\Foundation\\Http\\Middleware\\ValidatePostSize->handle(Object(Illuminate\\Http\\Request), Object(Closure))
#48 /Users/greelogix/Herd/dev.esnadbusiness.com/vendor/laravel/framework/src/Illuminate/Foundation/Http/Middleware/PreventRequestsDuringMaintenance.php(86): Illuminate\\Pipeline\\Pipeline->Illuminate\\Pipeline\\{closure}(Object(Illuminate\\Http\\Request))
#49 /Users/greelogix/Herd/dev.esnadbusiness.com/vendor/laravel/framework/src/Illuminate/Pipeline/Pipeline.php(180): Illuminate\\Foundation\\Http\\Middleware\\PreventRequestsDuringMaintenance->handle(Object(Illuminate\\Http\\Request), Object(Closure))
#50 /Users/greelogix/Herd/dev.esnadbusiness.com/vendor/laravel/framework/src/Illuminate/Http/Middleware/HandleCors.php(49): Illuminate\\Pipeline\\Pipeline->Illuminate\\Pipeline\\{closure}(Object(Illuminate\\Http\\Request))
#51 /Users/greelogix/Herd/dev.esnadbusiness.com/vendor/laravel/framework/src/Illuminate/Pipeline/Pipeline.php(180): Illuminate\\Http\\Middleware\\HandleCors->handle(Object(Illuminate\\Http\\Request), Object(Closure))
#52 /Users/greelogix/Herd/dev.esnadbusiness.com/vendor/laravel/framework/src/Illuminate/Http/Middleware/TrustProxies.php(39): Illuminate\\Pipeline\\Pipeline->Illuminate\\Pipeline\\{closure}(Object(Illuminate\\Http\\Request))
#53 /Users/greelogix/Herd/dev.esnadbusiness.com/vendor/laravel/framework/src/Illuminate/Pipeline/Pipeline.php(180): Illuminate\\Http\\Middleware\\TrustProxies->handle(Object(Illuminate\\Http\\Request), Object(Closure))
#54 /Users/greelogix/Herd/dev.esnadbusiness.com/vendor/laravel/framework/src/Illuminate/Pipeline/Pipeline.php(116): Illuminate\\Pipeline\\Pipeline->Illuminate\\Pipeline\\{closure}(Object(Illuminate\\Http\\Request))
#55 /Users/greelogix/Herd/dev.esnadbusiness.com/vendor/laravel/framework/src/Illuminate/Foundation/Http/Kernel.php(175): Illuminate\\Pipeline\\Pipeline->then(Object(Closure))
#56 /Users/greelogix/Herd/dev.esnadbusiness.com/vendor/laravel/framework/src/Illuminate/Foundation/Http/Kernel.php(144): Illuminate\\Foundation\\Http\\Kernel->sendRequestThroughRouter(Object(Illuminate\\Http\\Request))
#57 /Users/greelogix/Herd/dev.esnadbusiness.com/public/index.php(14): Illuminate\\Foundation\\Http\\Kernel->handle(Object(Illuminate\\Http\\Request))
#58 /Users/greelogix/Herd/dev.esnadbusiness.com/vendor/laravel/framework/src/Illuminate/Foundation/resources/server.php(16): require_once('/Users/greelogi...')
#59 {main}

[previous exception] [object] (Illuminate\\Database\\QueryException(code: 1045): SQLSTATE[HY000] [1045] Access denied for user 'root'@'localhost' (using password: NO) (Connection: mysql, SQL: select * from `settings_appearance` limit 1) at /Users/greelogix/Herd/dev.esnadbusiness.com/vendor/laravel/framework/src/Illuminate/Database/Connection.php:795)
[stacktrace]
#0 /Users/greelogix/Herd/dev.esnadbusiness.com/vendor/laravel/framework/src/Illuminate/Database/Connection.php(755): Illuminate\\Database\\Connection->runQueryCallback('select * from `...', Array, Object(Closure))
#1 /Users/greelogix/Herd/dev.esnadbusiness.com/vendor/laravel/framework/src/Illuminate/Database/Connection.php(407): Illuminate\\Database\\Connection->run('select * from `...', Array, Object(Closure))
#2 /Users/greelogix/Herd/dev.esnadbusiness.com/vendor/laravel/framework/src/Illuminate/Database/Query/Builder.php(2747): Illuminate\\Database\\Connection->select('select * from `...', Array, true)
#3 /Users/greelogix/Herd/dev.esnadbusiness.com/vendor/laravel/framework/src/Illuminate/Database/Query/Builder.php(2736): Illuminate\\Database\\Query\\Builder->runSelect()
#4 /Users/greelogix/Herd/dev.esnadbusiness.com/vendor/laravel/framework/src/Illuminate/Database/Query/Builder.php(3290): Illuminate\\Database\\Query\\Builder->Illuminate\\Database\\Query\\{closure}()
#5 /Users/greelogix/Herd/dev.esnadbusiness.com/vendor/laravel/framework/src/Illuminate/Database/Query/Builder.php(2735): Illuminate\\Database\\Query\\Builder->onceWithColumns(Array, Object(Closure))
#6 /Users/greelogix/Herd/dev.esnadbusiness.com/vendor/laravel/framework/src/Illuminate/Database/Eloquent/Builder.php(720): Illuminate\\Database\\Query\\Builder->get(Array)
#7 /Users/greelogix/Herd/dev.esnadbusiness.com/vendor/laravel/framework/src/Illuminate/Database/Eloquent/Builder.php(704): Illuminate\\Database\\Eloquent\\Builder->getModels(Array)
#8 /Users/greelogix/Herd/dev.esnadbusiness.com/vendor/laravel/framework/src/Illuminate/Database/Concerns/BuildsQueries.php(296): Illuminate\\Database\\Eloquent\\Builder->get(Array)
#9 /Users/greelogix/Herd/dev.esnadbusiness.com/app/Utils/Helper/helpers.php(455): Illuminate\\Database\\Eloquent\\Builder->first()
#10 /Users/greelogix/Herd/dev.esnadbusiness.com/vendor/laravel/framework/src/Illuminate/Cache/Repository.php(438): {closure}()
#11 /Users/greelogix/Herd/dev.esnadbusiness.com/vendor/laravel/framework/src/Illuminate/Cache/CacheManager.php(424): Illuminate\\Cache\\Repository->rememberForever('settings_appear...', Object(Closure))
#12 /Users/greelogix/Herd/dev.esnadbusiness.com/vendor/laravel/framework/src/Illuminate/Support/Facades/Facade.php(353): Illuminate\\Cache\\CacheManager->__call('rememberForever', Array)
#13 /Users/greelogix/Herd/dev.esnadbusiness.com/app/Utils/Helper/helpers.php(454): Illuminate\\Support\\Facades\\Facade::__callStatic('rememberForever', Array)
#14 /Users/greelogix/Herd/dev.esnadbusiness.com/storage/framework/views/60373c1de6f502950396d894583612dc.php(10): settings('appearance')
#15 /Users/greelogix/Herd/dev.esnadbusiness.com/vendor/laravel/framework/src/Illuminate/Filesystem/Filesystem.php(124): require('/Users/greelogi...')
#16 /Users/greelogix/Herd/dev.esnadbusiness.com/vendor/laravel/framework/src/Illuminate/Filesystem/Filesystem.php(125): Illuminate\\Filesystem\\Filesystem::Illuminate\\Filesystem\\{closure}()
#17 /Users/greelogix/Herd/dev.esnadbusiness.com/vendor/laravel/framework/src/Illuminate/View/Engines/PhpEngine.php(58): Illuminate\\Filesystem\\Filesystem->getRequire('/Users/greelogi...', Array)
#18 /Users/greelogix/Herd/dev.esnadbusiness.com/vendor/livewire/livewire/src/ComponentConcerns/RendersLivewireComponents.php(69): Illuminate\\View\\Engines\\PhpEngine->evaluatePath('/Users/greelogi...', Array)
#19 /Users/greelogix/Herd/dev.esnadbusiness.com/vendor/laravel/framework/src/Illuminate/View/Engines/CompilerEngine.php(72): Livewire\\LivewireViewCompilerEngine->evaluatePath('/Users/greelogi...', Array)
#20 /Users/greelogix/Herd/dev.esnadbusiness.com/vendor/livewire/livewire/src/ComponentConcerns/RendersLivewireComponents.php(35): Illuminate\\View\\Engines\\CompilerEngine->get('/Users/greelogi...', Array)
#21 /Users/greelogix/Herd/dev.esnadbusiness.com/vendor/laravel/framework/src/Illuminate/View/View.php(195): Livewire\\LivewireViewCompilerEngine->get('/Users/greelogi...', Array)
#22 /Users/greelogix/Herd/dev.esnadbusiness.com/vendor/laravel/framework/src/Illuminate/View/View.php(178): Illuminate\\View\\View->getContents()
#23 /Users/greelogix/Herd/dev.esnadbusiness.com/vendor/laravel/framework/src/Illuminate/View/View.php(147): Illuminate\\View\\View->renderContents()
#24 /Users/greelogix/Herd/dev.esnadbusiness.com/vendor/laravel/framework/src/Illuminate/Http/Response.php(69): Illuminate\\View\\View->render()
#25 /Users/greelogix/Herd/dev.esnadbusiness.com/vendor/laravel/framework/src/Illuminate/Http/Response.php(35): Illuminate\\Http\\Response->setContent(Object(Illuminate\\View\\View))
#26 /Users/greelogix/Herd/dev.esnadbusiness.com/vendor/laravel/framework/src/Illuminate/Routing/ResponseFactory.php(57): Illuminate\\Http\\Response->__construct(Object(Illuminate\\View\\View), 404, Array)
#27 /Users/greelogix/Herd/dev.esnadbusiness.com/vendor/laravel/framework/src/Illuminate/Routing/ResponseFactory.php(87): Illuminate\\Routing\\ResponseFactory->make(Object(Illuminate\\View\\View), 404, Array)
#28 /Users/greelogix/Herd/dev.esnadbusiness.com/vendor/laravel/framework/src/Illuminate/Foundation/Exceptions/Handler.php(658): Illuminate\\Routing\\ResponseFactory->view('errors::404', Array, 404, Array)
#29 /Users/greelogix/Herd/dev.esnadbusiness.com/vendor/laravel/framework/src/Illuminate/Foundation/Exceptions/Handler.php(586): Illuminate\\Foundation\\Exceptions\\Handler->renderHttpException(Object(Symfony\\Component\\HttpKernel\\Exception\\NotFoundHttpException))
#30 /Users/greelogix/Herd/dev.esnadbusiness.com/vendor/laravel/framework/src/Illuminate/Foundation/Exceptions/Handler.php(492): Illuminate\\Foundation\\Exceptions\\Handler->prepareResponse(Object(Illuminate\\Http\\Request), Object(Symfony\\Component\\HttpKernel\\Exception\\NotFoundHttpException))
#31 /Users/greelogix/Herd/dev.esnadbusiness.com/vendor/laravel/framework/src/Illuminate/Foundation/Exceptions/Handler.php(409): Illuminate\\Foundation\\Exceptions\\Handler->renderExceptionResponse(Object(Illuminate\\Http\\Request), Object(Symfony\\Component\\HttpKernel\\Exception\\NotFoundHttpException))
#32 /Users/greelogix/Herd/dev.esnadbusiness.com/vendor/laravel/framework/src/Illuminate/Routing/Pipeline.php(51): Illuminate\\Foundation\\Exceptions\\Handler->render(Object(Illuminate\\Http\\Request), Object(Symfony\\Component\\HttpKernel\\Exception\\NotFoundHttpException))
#33 /Users/greelogix/Herd/dev.esnadbusiness.com/vendor/laravel/framework/src/Illuminate/Pipeline/Pipeline.php(143): Illuminate\\Routing\\Pipeline->handleException(Object(Illuminate\\Http\\Request), Object(Symfony\\Component\\HttpKernel\\Exception\\NotFoundHttpException))
#34 /Users/greelogix/Herd/dev.esnadbusiness.com/vendor/lukeraymonddowning/honey/src/Http/Middleware/BlockSpammers.php(19): Illuminate\\Pipeline\\Pipeline->Illuminate\\Pipeline\\{closure}(Object(Illuminate\\Http\\Request))
#35 /Users/greelogix/Herd/dev.esnadbusiness.com/vendor/laravel/framework/src/Illuminate/Pipeline/Pipeline.php(180): Lukeraymonddowning\\Honey\\Http\\Middleware\\BlockSpammers->handle(Object(Illuminate\\Http\\Request), Object(Closure))
#36 /Users/greelogix/Herd/dev.esnadbusiness.com/vendor/livewire/livewire/src/DisableBrowserCache.php(19): Illuminate\\Pipeline\\Pipeline->Illuminate\\Pipeline\\{closure}(Object(Illuminate\\Http\\Request))
#37 /Users/greelogix/Herd/dev.esnadbusiness.com/vendor/laravel/framework/src/Illuminate/Pipeline/Pipeline.php(180): Livewire\\DisableBrowserCache->handle(Object(Illuminate\\Http\\Request), Object(Closure))
#38 /Users/greelogix/Herd/dev.esnadbusiness.com/vendor/barryvdh/laravel-debugbar/src/Middleware/InjectDebugbar.php(66): Illuminate\\Pipeline\\Pipeline->Illuminate\\Pipeline\\{closure}(Object(Illuminate\\Http\\Request))
#39 /Users/greelogix/Herd/dev.esnadbusiness.com/vendor/laravel/framework/src/Illuminate/Pipeline/Pipeline.php(180): Barryvdh\\Debugbar\\Middleware\\InjectDebugbar->handle(Object(Illuminate\\Http\\Request), Object(Closure))
#40 /Users/greelogix/Herd/dev.esnadbusiness.com/vendor/laravel/framework/src/Illuminate/Foundation/Http/Middleware/TransformsRequest.php(21): Illuminate\\Pipeline\\Pipeline->Illuminate\\Pipeline\\{closure}(Object(Illuminate\\Http\\Request))
#41 /Users/greelogix/Herd/dev.esnadbusiness.com/vendor/laravel/framework/src/Illuminate/Foundation/Http/Middleware/ConvertEmptyStringsToNull.php(31): Illuminate\\Foundation\\Http\\Middleware\\TransformsRequest->handle(Object(Illuminate\\Http\\Request), Object(Closure))
#42 /Users/greelogix/Herd/dev.esnadbusiness.com/vendor/laravel/framework/src/Illuminate/Pipeline/Pipeline.php(180): Illuminate\\Foundation\\Http\\Middleware\\ConvertEmptyStringsToNull->handle(Object(Illuminate\\Http\\Request), Object(Closure))
#43 /Users/greelogix/Herd/dev.esnadbusiness.com/vendor/laravel/framework/src/Illuminate/Foundation/Http/Middleware/TransformsRequest.php(21): Illuminate\\Pipeline\\Pipeline->Illuminate\\Pipeline\\{closure}(Object(Illuminate\\Http\\Request))
#44 /Users/greelogix/Herd/dev.esnadbusiness.com/vendor/laravel/framework/src/Illuminate/Foundation/Http/Middleware/TrimStrings.php(40): Illuminate\\Foundation\\Http\\Middleware\\TransformsRequest->handle(Object(Illuminate\\Http\\Request), Object(Closure))
#45 /Users/greelogix/Herd/dev.esnadbusiness.com/vendor/laravel/framework/src/Illuminate/Pipeline/Pipeline.php(180): Illuminate\\Foundation\\Http\\Middleware\\TrimStrings->handle(Object(Illuminate\\Http\\Request), Object(Closure))
#46 /Users/greelogix/Herd/dev.esnadbusiness.com/vendor/laravel/framework/src/Illuminate/Foundation/Http/Middleware/ValidatePostSize.php(27): Illuminate\\Pipeline\\Pipeline->Illuminate\\Pipeline\\{closure}(Object(Illuminate\\Http\\Request))
#47 /Users/greelogix/Herd/dev.esnadbusiness.com/vendor/laravel/framework/src/Illuminate/Pipeline/Pipeline.php(180): Illuminate\\Foundation\\Http\\Middleware\\ValidatePostSize->handle(Object(Illuminate\\Http\\Request), Object(Closure))
#48 /Users/greelogix/Herd/dev.esnadbusiness.com/vendor/laravel/framework/src/Illuminate/Foundation/Http/Middleware/PreventRequestsDuringMaintenance.php(86): Illuminate\\Pipeline\\Pipeline->Illuminate\\Pipeline\\{closure}(Object(Illuminate\\Http\\Request))
#49 /Users/greelogix/Herd/dev.esnadbusiness.com/vendor/laravel/framework/src/Illuminate/Pipeline/Pipeline.php(180): Illuminate\\Foundation\\Http\\Middleware\\PreventRequestsDuringMaintenance->handle(Object(Illuminate\\Http\\Request), Object(Closure))
#50 /Users/greelogix/Herd/dev.esnadbusiness.com/vendor/laravel/framework/src/Illuminate/Http/Middleware/HandleCors.php(49): Illuminate\\Pipeline\\Pipeline->Illuminate\\Pipeline\\{closure}(Object(Illuminate\\Http\\Request))
#51 /Users/greelogix/Herd/dev.esnadbusiness.com/vendor/laravel/framework/src/Illuminate/Pipeline/Pipeline.php(180): Illuminate\\Http\\Middleware\\HandleCors->handle(Object(Illuminate\\Http\\Request), Object(Closure))
#52 /Users/greelogix/Herd/dev.esnadbusiness.com/vendor/laravel/framework/src/Illuminate/Http/Middleware/TrustProxies.php(39): Illuminate\\Pipeline\\Pipeline->Illuminate\\Pipeline\\{closure}(Object(Illuminate\\Http\\Request))
#53 /Users/greelogix/Herd/dev.esnadbusiness.com/vendor/laravel/framework/src/Illuminate/Pipeline/Pipeline.php(180): Illuminate\\Http\\Middleware\\TrustProxies->handle(Object(Illuminate\\Http\\Request), Object(Closure))
#54 /Users/greelogix/Herd/dev.esnadbusiness.com/vendor/laravel/framework/src/Illuminate/Pipeline/Pipeline.php(116): Illuminate\\Pipeline\\Pipeline->Illuminate\\Pipeline\\{closure}(Object(Illuminate\\Http\\Request))
#55 /Users/greelogix/Herd/dev.esnadbusiness.com/vendor/laravel/framework/src/Illuminate/Foundation/Http/Kernel.php(175): Illuminate\\Pipeline\\Pipeline->then(Object(Closure))
#56 /Users/greelogix/Herd/dev.esnadbusiness.com/vendor/laravel/framework/src/Illuminate/Foundation/Http/Kernel.php(144): Illuminate\\Foundation\\Http\\Kernel->sendRequestThroughRouter(Object(Illuminate\\Http\\Request))
#57 /Users/greelogix/Herd/dev.esnadbusiness.com/public/index.php(14): Illuminate\\Foundation\\Http\\Kernel->handle(Object(Illuminate\\Http\\Request))
#58 /Users/greelogix/Herd/dev.esnadbusiness.com/vendor/laravel/framework/src/Illuminate/Foundation/resources/server.php(16): require_once('/Users/greelogi...')
#59 {main}

[previous exception] [object] (PDOException(code: 1045): SQLSTATE[HY000] [1045] Access denied for user 'root'@'localhost' (using password: NO) at /Users/greelogix/Herd/dev.esnadbusiness.com/vendor/laravel/framework/src/Illuminate/Database/Connectors/Connector.php:65)
[stacktrace]
#0 /Users/greelogix/Herd/dev.esnadbusiness.com/vendor/laravel/framework/src/Illuminate/Database/Connectors/Connector.php(65): PDO->__construct('mysql:host=loca...', 'root', Object(SensitiveParameterValue), Array)
#1 /Users/greelogix/Herd/dev.esnadbusiness.com/vendor/laravel/framework/src/Illuminate/Database/Connectors/Connector.php(44): Illuminate\\Database\\Connectors\\Connector->createPdoConnection('mysql:host=loca...', 'root', '', Array)
#2 /Users/greelogix/Herd/dev.esnadbusiness.com/vendor/laravel/framework/src/Illuminate/Database/Connectors/MySqlConnector.php(24): Illuminate\\Database\\Connectors\\Connector->createConnection('mysql:host=loca...', Array, Array)
#3 /Users/greelogix/Herd/dev.esnadbusiness.com/vendor/laravel/framework/src/Illuminate/Database/Connectors/ConnectionFactory.php(184): Illuminate\\Database\\Connectors\\MySqlConnector->connect(Array)
#4 [internal function]: Illuminate\\Database\\Connectors\\ConnectionFactory->Illuminate\\Database\\Connectors\\{closure}()
#5 /Users/greelogix/Herd/dev.esnadbusiness.com/vendor/laravel/framework/src/Illuminate/Database/Connection.php(1275): call_user_func(Object(Closure))
#6 /Users/greelogix/Herd/dev.esnadbusiness.com/vendor/laravel/framework/src/Illuminate/Database/Connection.php(1311): Illuminate\\Database\\Connection->getPdo()
#7 /Users/greelogix/Herd/dev.esnadbusiness.com/vendor/laravel/framework/src/Illuminate/Database/Connection.php(521): Illuminate\\Database\\Connection->getReadPdo()
#8 /Users/greelogix/Herd/dev.esnadbusiness.com/vendor/laravel/framework/src/Illuminate/Database/Connection.php(416): Illuminate\\Database\\Connection->getPdoForSelect(true)
#9 /Users/greelogix/Herd/dev.esnadbusiness.com/vendor/laravel/framework/src/Illuminate/Database/Connection.php(788): Illuminate\\Database\\Connection->Illuminate\\Database\\{closure}('select * from `...', Array)
#10 /Users/greelogix/Herd/dev.esnadbusiness.com/vendor/laravel/framework/src/Illuminate/Database/Connection.php(755): Illuminate\\Database\\Connection->runQueryCallback('select * from `...', Array, Object(Closure))
#11 /Users/greelogix/Herd/dev.esnadbusiness.com/vendor/laravel/framework/src/Illuminate/Database/Connection.php(407): Illuminate\\Database\\Connection->run('select * from `...', Array, Object(Closure))
#12 /Users/greelogix/Herd/dev.esnadbusiness.com/vendor/laravel/framework/src/Illuminate/Database/Query/Builder.php(2747): Illuminate\\Database\\Connection->select('select * from `...', Array, true)
#13 /Users/greelogix/Herd/dev.esnadbusiness.com/vendor/laravel/framework/src/Illuminate/Database/Query/Builder.php(2736): Illuminate\\Database\\Query\\Builder->runSelect()
#14 /Users/greelogix/Herd/dev.esnadbusiness.com/vendor/laravel/framework/src/Illuminate/Database/Query/Builder.php(3290): Illuminate\\Database\\Query\\Builder->Illuminate\\Database\\Query\\{closure}()
#15 /Users/greelogix/Herd/dev.esnadbusiness.com/vendor/laravel/framework/src/Illuminate/Database/Query/Builder.php(2735): Illuminate\\Database\\Query\\Builder->onceWithColumns(Array, Object(Closure))
#16 /Users/greelogix/Herd/dev.esnadbusiness.com/vendor/laravel/framework/src/Illuminate/Database/Eloquent/Builder.php(720): Illuminate\\Database\\Query\\Builder->get(Array)
#17 /Users/greelogix/Herd/dev.esnadbusiness.com/vendor/laravel/framework/src/Illuminate/Database/Eloquent/Builder.php(704): Illuminate\\Database\\Eloquent\\Builder->getModels(Array)
#18 /Users/greelogix/Herd/dev.esnadbusiness.com/vendor/laravel/framework/src/Illuminate/Database/Concerns/BuildsQueries.php(296): Illuminate\\Database\\Eloquent\\Builder->get(Array)
#19 /Users/greelogix/Herd/dev.esnadbusiness.com/app/Utils/Helper/helpers.php(455): Illuminate\\Database\\Eloquent\\Builder->first()
#20 /Users/greelogix/Herd/dev.esnadbusiness.com/vendor/laravel/framework/src/Illuminate/Cache/Repository.php(438): {closure}()
#21 /Users/greelogix/Herd/dev.esnadbusiness.com/vendor/laravel/framework/src/Illuminate/Cache/CacheManager.php(424): Illuminate\\Cache\\Repository->rememberForever('settings_appear...', Object(Closure))
#22 /Users/greelogix/Herd/dev.esnadbusiness.com/vendor/laravel/framework/src/Illuminate/Support/Facades/Facade.php(353): Illuminate\\Cache\\CacheManager->__call('rememberForever', Array)
#23 /Users/greelogix/Herd/dev.esnadbusiness.com/app/Utils/Helper/helpers.php(454): Illuminate\\Support\\Facades\\Facade::__callStatic('rememberForever', Array)
#24 /Users/greelogix/Herd/dev.esnadbusiness.com/storage/framework/views/60373c1de6f502950396d894583612dc.php(10): settings('appearance')
#25 /Users/greelogix/Herd/dev.esnadbusiness.com/vendor/laravel/framework/src/Illuminate/Filesystem/Filesystem.php(124): require('/Users/greelogi...')
#26 /Users/greelogix/Herd/dev.esnadbusiness.com/vendor/laravel/framework/src/Illuminate/Filesystem/Filesystem.php(125): Illuminate\\Filesystem\\Filesystem::Illuminate\\Filesystem\\{closure}()
#27 /Users/greelogix/Herd/dev.esnadbusiness.com/vendor/laravel/framework/src/Illuminate/View/Engines/PhpEngine.php(58): Illuminate\\Filesystem\\Filesystem->getRequire('/Users/greelogi...', Array)
#28 /Users/greelogix/Herd/dev.esnadbusiness.com/vendor/livewire/livewire/src/ComponentConcerns/RendersLivewireComponents.php(69): Illuminate\\View\\Engines\\PhpEngine->evaluatePath('/Users/greelogi...', Array)
#29 /Users/greelogix/Herd/dev.esnadbusiness.com/vendor/laravel/framework/src/Illuminate/View/Engines/CompilerEngine.php(72): Livewire\\LivewireViewCompilerEngine->evaluatePath('/Users/greelogi...', Array)
#30 /Users/greelogix/Herd/dev.esnadbusiness.com/vendor/livewire/livewire/src/ComponentConcerns/RendersLivewireComponents.php(35): Illuminate\\View\\Engines\\CompilerEngine->get('/Users/greelogi...', Array)
#31 /Users/greelogix/Herd/dev.esnadbusiness.com/vendor/laravel/framework/src/Illuminate/View/View.php(195): Livewire\\LivewireViewCompilerEngine->get('/Users/greelogi...', Array)
#32 /Users/greelogix/Herd/dev.esnadbusiness.com/vendor/laravel/framework/src/Illuminate/View/View.php(178): Illuminate\\View\\View->getContents()
#33 /Users/greelogix/Herd/dev.esnadbusiness.com/vendor/laravel/framework/src/Illuminate/View/View.php(147): Illuminate\\View\\View->renderContents()
#34 /Users/greelogix/Herd/dev.esnadbusiness.com/vendor/laravel/framework/src/Illuminate/Http/Response.php(69): Illuminate\\View\\View->render()
#35 /Users/greelogix/Herd/dev.esnadbusiness.com/vendor/laravel/framework/src/Illuminate/Http/Response.php(35): Illuminate\\Http\\Response->setContent(Object(Illuminate\\View\\View))
#36 /Users/greelogix/Herd/dev.esnadbusiness.com/vendor/laravel/framework/src/Illuminate/Routing/ResponseFactory.php(57): Illuminate\\Http\\Response->__construct(Object(Illuminate\\View\\View), 404, Array)
#37 /Users/greelogix/Herd/dev.esnadbusiness.com/vendor/laravel/framework/src/Illuminate/Routing/ResponseFactory.php(87): Illuminate\\Routing\\ResponseFactory->make(Object(Illuminate\\View\\View), 404, Array)
#38 /Users/greelogix/Herd/dev.esnadbusiness.com/vendor/laravel/framework/src/Illuminate/Foundation/Exceptions/Handler.php(658): Illuminate\\Routing\\ResponseFactory->view('errors::404', Array, 404, Array)
#39 /Users/greelogix/Herd/dev.esnadbusiness.com/vendor/laravel/framework/src/Illuminate/Foundation/Exceptions/Handler.php(586): Illuminate\\Foundation\\Exceptions\\Handler->renderHttpException(Object(Symfony\\Component\\HttpKernel\\Exception\\NotFoundHttpException))
#40 /Users/greelogix/Herd/dev.esnadbusiness.com/vendor/laravel/framework/src/Illuminate/Foundation/Exceptions/Handler.php(492): Illuminate\\Foundation\\Exceptions\\Handler->prepareResponse(Object(Illuminate\\Http\\Request), Object(Symfony\\Component\\HttpKernel\\Exception\\NotFoundHttpException))
#41 /Users/greelogix/Herd/dev.esnadbusiness.com/vendor/laravel/framework/src/Illuminate/Foundation/Exceptions/Handler.php(409): Illuminate\\Foundation\\Exceptions\\Handler->renderExceptionResponse(Object(Illuminate\\Http\\Request), Object(Symfony\\Component\\HttpKernel\\Exception\\NotFoundHttpException))
#42 /Users/greelogix/Herd/dev.esnadbusiness.com/vendor/laravel/framework/src/Illuminate/Routing/Pipeline.php(51): Illuminate\\Foundation\\Exceptions\\Handler->render(Object(Illuminate\\Http\\Request), Object(Symfony\\Component\\HttpKernel\\Exception\\NotFoundHttpException))
#43 /Users/greelogix/Herd/dev.esnadbusiness.com/vendor/laravel/framework/src/Illuminate/Pipeline/Pipeline.php(143): Illuminate\\Routing\\Pipeline->handleException(Object(Illuminate\\Http\\Request), Object(Symfony\\Component\\HttpKernel\\Exception\\NotFoundHttpException))
#44 /Users/greelogix/Herd/dev.esnadbusiness.com/vendor/lukeraymonddowning/honey/src/Http/Middleware/BlockSpammers.php(19): Illuminate\\Pipeline\\Pipeline->Illuminate\\Pipeline\\{closure}(Object(Illuminate\\Http\\Request))
#45 /Users/greelogix/Herd/dev.esnadbusiness.com/vendor/laravel/framework/src/Illuminate/Pipeline/Pipeline.php(180): Lukeraymonddowning\\Honey\\Http\\Middleware\\BlockSpammers->handle(Object(Illuminate\\Http\\Request), Object(Closure))
#46 /Users/greelogix/Herd/dev.esnadbusiness.com/vendor/livewire/livewire/src/DisableBrowserCache.php(19): Illuminate\\Pipeline\\Pipeline->Illuminate\\Pipeline\\{closure}(Object(Illuminate\\Http\\Request))
#47 /Users/greelogix/Herd/dev.esnadbusiness.com/vendor/laravel/framework/src/Illuminate/Pipeline/Pipeline.php(180): Livewire\\DisableBrowserCache->handle(Object(Illuminate\\Http\\Request), Object(Closure))
#48 /Users/greelogix/Herd/dev.esnadbusiness.com/vendor/barryvdh/laravel-debugbar/src/Middleware/InjectDebugbar.php(66): Illuminate\\Pipeline\\Pipeline->Illuminate\\Pipeline\\{closure}(Object(Illuminate\\Http\\Request))
#49 /Users/greelogix/Herd/dev.esnadbusiness.com/vendor/laravel/framework/src/Illuminate/Pipeline/Pipeline.php(180): Barryvdh\\Debugbar\\Middleware\\InjectDebugbar->handle(Object(Illuminate\\Http\\Request), Object(Closure))
#50 /Users/greelogix/Herd/dev.esnadbusiness.com/vendor/laravel/framework/src/Illuminate/Foundation/Http/Middleware/TransformsRequest.php(21): Illuminate\\Pipeline\\Pipeline->Illuminate\\Pipeline\\{closure}(Object(Illuminate\\Http\\Request))
#51 /Users/greelogix/Herd/dev.esnadbusiness.com/vendor/laravel/framework/src/Illuminate/Foundation/Http/Middleware/ConvertEmptyStringsToNull.php(31): Illuminate\\Foundation\\Http\\Middleware\\TransformsRequest->handle(Object(Illuminate\\Http\\Request), Object(Closure))
#52 /Users/greelogix/Herd/dev.esnadbusiness.com/vendor/laravel/framework/src/Illuminate/Pipeline/Pipeline.php(180): Illuminate\\Foundation\\Http\\Middleware\\ConvertEmptyStringsToNull->handle(Object(Illuminate\\Http\\Request), Object(Closure))
#53 /Users/greelogix/Herd/dev.esnadbusiness.com/vendor/laravel/framework/src/Illuminate/Foundation/Http/Middleware/TransformsRequest.php(21): Illuminate\\Pipeline\\Pipeline->Illuminate\\Pipeline\\{closure}(Object(Illuminate\\Http\\Request))
#54 /Users/greelogix/Herd/dev.esnadbusiness.com/vendor/laravel/framework/src/Illuminate/Foundation/Http/Middleware/TrimStrings.php(40): Illuminate\\Foundation\\Http\\Middleware\\TransformsRequest->handle(Object(Illuminate\\Http\\Request), Object(Closure))
#55 /Users/greelogix/Herd/dev.esnadbusiness.com/vendor/laravel/framework/src/Illuminate/Pipeline/Pipeline.php(180): Illuminate\\Foundation\\Http\\Middleware\\TrimStrings->handle(Object(Illuminate\\Http\\Request), Object(Closure))
#56 /Users/greelogix/Herd/dev.esnadbusiness.com/vendor/laravel/framework/src/Illuminate/Foundation/Http/Middleware/ValidatePostSize.php(27): Illuminate\\Pipeline\\Pipeline->Illuminate\\Pipeline\\{closure}(Object(Illuminate\\Http\\Request))
#57 /Users/greelogix/Herd/dev.esnadbusiness.com/vendor/laravel/framework/src/Illuminate/Pipeline/Pipeline.php(180): Illuminate\\Foundation\\Http\\Middleware\\ValidatePostSize->handle(Object(Illuminate\\Http\\Request), Object(Closure))
#58 /Users/greelogix/Herd/dev.esnadbusiness.com/vendor/laravel/framework/src/Illuminate/Foundation/Http/Middleware/PreventRequestsDuringMaintenance.php(86): Illuminate\\Pipeline\\Pipeline->Illuminate\\Pipeline\\{closure}(Object(Illuminate\\Http\\Request))
#59 /Users/greelogix/Herd/dev.esnadbusiness.com/vendor/laravel/framework/src/Illuminate/Pipeline/Pipeline.php(180): Illuminate\\Foundation\\Http\\Middleware\\PreventRequestsDuringMaintenance->handle(Object(Illuminate\\Http\\Request), Object(Closure))
#60 /Users/greelogix/Herd/dev.esnadbusiness.com/vendor/laravel/framework/src/Illuminate/Http/Middleware/HandleCors.php(49): Illuminate\\Pipeline\\Pipeline->Illuminate\\Pipeline\\{closure}(Object(Illuminate\\Http\\Request))
#61 /Users/greelogix/Herd/dev.esnadbusiness.com/vendor/laravel/framework/src/Illuminate/Pipeline/Pipeline.php(180): Illuminate\\Http\\Middleware\\HandleCors->handle(Object(Illuminate\\Http\\Request), Object(Closure))
#62 /Users/greelogix/Herd/dev.esnadbusiness.com/vendor/laravel/framework/src/Illuminate/Http/Middleware/TrustProxies.php(39): Illuminate\\Pipeline\\Pipeline->Illuminate\\Pipeline\\{closure}(Object(Illuminate\\Http\\Request))
#63 /Users/greelogix/Herd/dev.esnadbusiness.com/vendor/laravel/framework/src/Illuminate/Pipeline/Pipeline.php(180): Illuminate\\Http\\Middleware\\TrustProxies->handle(Object(Illuminate\\Http\\Request), Object(Closure))
#64 /Users/greelogix/Herd/dev.esnadbusiness.com/vendor/laravel/framework/src/Illuminate/Pipeline/Pipeline.php(116): Illuminate\\Pipeline\\Pipeline->Illuminate\\Pipeline\\{closure}(Object(Illuminate\\Http\\Request))
#65 /Users/greelogix/Herd/dev.esnadbusiness.com/vendor/laravel/framework/src/Illuminate/Foundation/Http/Kernel.php(175): Illuminate\\Pipeline\\Pipeline->then(Object(Closure))
#66 /Users/greelogix/Herd/dev.esnadbusiness.com/vendor/laravel/framework/src/Illuminate/Foundation/Http/Kernel.php(144): Illuminate\\Foundation\\Http\\Kernel->sendRequestThroughRouter(Object(Illuminate\\Http\\Request))
#67 /Users/greelogix/Herd/dev.esnadbusiness.com/public/index.php(14): Illuminate\\Foundation\\Http\\Kernel->handle(Object(Illuminate\\Http\\Request))
#68 /Users/greelogix/Herd/dev.esnadbusiness.com/vendor/laravel/framework/src/Illuminate/Foundation/resources/server.php(16): require_once('/Users/greelogi...')
#69 {main}
"} 
[2025-05-22 08:37:21] local.ERROR: Debugbar exception: SQLSTATE[HY000] [1045] Access denied for user 'root'@'localhost' (using password: NO) (Connection: mysql, SQL: select * from `sessions` where `id` = KTy1JUwgElzk3t2HuJz2f9Mm4XaT6wQCvnnkECI8 limit 1)  
[2025-05-22 08:37:50] local.ERROR: SQLSTATE[HY000] [1045] Access denied for user 'root'@'localhost' (using password: NO) (Connection: mysql, SQL: select * from `sessions` where `id` = Da1FpXCl9v35O0RqYXOEkTlz6ZkfjhtFmHxyQYSF limit 1) {"exception":"[object] (Illuminate\\Database\\QueryException(code: 1045): SQLSTATE[HY000] [1045] Access denied for user 'root'@'localhost' (using password: NO) (Connection: mysql, SQL: select * from `sessions` where `id` = Da1FpXCl9v35O0RqYXOEkTlz6ZkfjhtFmHxyQYSF limit 1) at /Users/greelogix/Herd/dev.esnadbusiness.com/vendor/laravel/framework/src/Illuminate/Database/Connection.php:795)
[stacktrace]
#0 /Users/greelogix/Herd/dev.esnadbusiness.com/vendor/laravel/framework/src/Illuminate/Database/Connection.php(755): Illuminate\\Database\\Connection->runQueryCallback('select * from `...', Array, Object(Closure))
#1 /Users/greelogix/Herd/dev.esnadbusiness.com/vendor/laravel/framework/src/Illuminate/Database/Connection.php(407): Illuminate\\Database\\Connection->run('select * from `...', Array, Object(Closure))
#2 /Users/greelogix/Herd/dev.esnadbusiness.com/vendor/laravel/framework/src/Illuminate/Database/Query/Builder.php(2747): Illuminate\\Database\\Connection->select('select * from `...', Array, true)
#3 /Users/greelogix/Herd/dev.esnadbusiness.com/vendor/laravel/framework/src/Illuminate/Database/Query/Builder.php(2736): Illuminate\\Database\\Query\\Builder->runSelect()
#4 /Users/greelogix/Herd/dev.esnadbusiness.com/vendor/laravel/framework/src/Illuminate/Database/Query/Builder.php(3290): Illuminate\\Database\\Query\\Builder->Illuminate\\Database\\Query\\{closure}()
#5 /Users/greelogix/Herd/dev.esnadbusiness.com/vendor/laravel/framework/src/Illuminate/Database/Query/Builder.php(2735): Illuminate\\Database\\Query\\Builder->onceWithColumns(Array, Object(Closure))
#6 /Users/greelogix/Herd/dev.esnadbusiness.com/vendor/laravel/framework/src/Illuminate/Database/Concerns/BuildsQueries.php(296): Illuminate\\Database\\Query\\Builder->get(Array)
#7 /Users/greelogix/Herd/dev.esnadbusiness.com/vendor/laravel/framework/src/Illuminate/Database/Query/Builder.php(2658): Illuminate\\Database\\Query\\Builder->first(Array)
#8 /Users/greelogix/Herd/dev.esnadbusiness.com/vendor/laravel/framework/src/Illuminate/Session/DatabaseSessionHandler.php(97): Illuminate\\Database\\Query\\Builder->find('Da1FpXCl9v35O0R...')
#9 /Users/greelogix/Herd/dev.esnadbusiness.com/vendor/laravel/framework/src/Illuminate/Session/Store.php(113): Illuminate\\Session\\DatabaseSessionHandler->read('Da1FpXCl9v35O0R...')
#10 /Users/greelogix/Herd/dev.esnadbusiness.com/vendor/laravel/framework/src/Illuminate/Session/Store.php(101): Illuminate\\Session\\Store->readFromHandler()
#11 /Users/greelogix/Herd/dev.esnadbusiness.com/vendor/laravel/framework/src/Illuminate/Session/Store.php(85): Illuminate\\Session\\Store->loadSession()
#12 /Users/greelogix/Herd/dev.esnadbusiness.com/vendor/laravel/framework/src/Illuminate/Session/Middleware/StartSession.php(148): Illuminate\\Session\\Store->start()
#13 /Users/greelogix/Herd/dev.esnadbusiness.com/vendor/laravel/framework/src/Illuminate/Support/helpers.php(307): Illuminate\\Session\\Middleware\\StartSession->Illuminate\\Session\\Middleware\\{closure}(Object(Illuminate\\Session\\EncryptedStore))
#14 /Users/greelogix/Herd/dev.esnadbusiness.com/vendor/laravel/framework/src/Illuminate/Session/Middleware/StartSession.php(145): tap(Object(Illuminate\\Session\\EncryptedStore), Object(Closure))
#15 /Users/greelogix/Herd/dev.esnadbusiness.com/vendor/laravel/framework/src/Illuminate/Session/Middleware/StartSession.php(117): Illuminate\\Session\\Middleware\\StartSession->startSession(Object(Illuminate\\Http\\Request), Object(Illuminate\\Session\\EncryptedStore))
#16 /Users/greelogix/Herd/dev.esnadbusiness.com/vendor/laravel/framework/src/Illuminate/Session/Middleware/StartSession.php(65): Illuminate\\Session\\Middleware\\StartSession->handleStatefulRequest(Object(Illuminate\\Http\\Request), Object(Illuminate\\Session\\EncryptedStore), Object(Closure))
#17 /Users/greelogix/Herd/dev.esnadbusiness.com/vendor/laravel/framework/src/Illuminate/Pipeline/Pipeline.php(180): Illuminate\\Session\\Middleware\\StartSession->handle(Object(Illuminate\\Http\\Request), Object(Closure))
#18 /Users/greelogix/Herd/dev.esnadbusiness.com/vendor/laravel/framework/src/Illuminate/Cookie/Middleware/AddQueuedCookiesToResponse.php(37): Illuminate\\Pipeline\\Pipeline->Illuminate\\Pipeline\\{closure}(Object(Illuminate\\Http\\Request))
#19 /Users/greelogix/Herd/dev.esnadbusiness.com/vendor/laravel/framework/src/Illuminate/Pipeline/Pipeline.php(180): Illuminate\\Cookie\\Middleware\\AddQueuedCookiesToResponse->handle(Object(Illuminate\\Http\\Request), Object(Closure))
#20 /Users/greelogix/Herd/dev.esnadbusiness.com/vendor/laravel/framework/src/Illuminate/Cookie/Middleware/EncryptCookies.php(67): Illuminate\\Pipeline\\Pipeline->Illuminate\\Pipeline\\{closure}(Object(Illuminate\\Http\\Request))
#21 /Users/greelogix/Herd/dev.esnadbusiness.com/vendor/laravel/framework/src/Illuminate/Pipeline/Pipeline.php(180): Illuminate\\Cookie\\Middleware\\EncryptCookies->handle(Object(Illuminate\\Http\\Request), Object(Closure))
#22 /Users/greelogix/Herd/dev.esnadbusiness.com/vendor/laravel/framework/src/Illuminate/Pipeline/Pipeline.php(116): Illuminate\\Pipeline\\Pipeline->Illuminate\\Pipeline\\{closure}(Object(Illuminate\\Http\\Request))
#23 /Users/greelogix/Herd/dev.esnadbusiness.com/vendor/laravel/framework/src/Illuminate/Routing/Router.php(798): Illuminate\\Pipeline\\Pipeline->then(Object(Closure))
#24 /Users/greelogix/Herd/dev.esnadbusiness.com/vendor/laravel/framework/src/Illuminate/Routing/Router.php(777): Illuminate\\Routing\\Router->runRouteWithinStack(Object(Illuminate\\Routing\\Route), Object(Illuminate\\Http\\Request))
#25 /Users/greelogix/Herd/dev.esnadbusiness.com/vendor/laravel/framework/src/Illuminate/Routing/Router.php(741): Illuminate\\Routing\\Router->runRoute(Object(Illuminate\\Http\\Request), Object(Illuminate\\Routing\\Route))
#26 /Users/greelogix/Herd/dev.esnadbusiness.com/vendor/laravel/framework/src/Illuminate/Routing/Router.php(730): Illuminate\\Routing\\Router->dispatchToRoute(Object(Illuminate\\Http\\Request))
#27 /Users/greelogix/Herd/dev.esnadbusiness.com/vendor/laravel/framework/src/Illuminate/Foundation/Http/Kernel.php(200): Illuminate\\Routing\\Router->dispatch(Object(Illuminate\\Http\\Request))
#28 /Users/greelogix/Herd/dev.esnadbusiness.com/vendor/laravel/framework/src/Illuminate/Pipeline/Pipeline.php(141): Illuminate\\Foundation\\Http\\Kernel->Illuminate\\Foundation\\Http\\{closure}(Object(Illuminate\\Http\\Request))
#29 /Users/greelogix/Herd/dev.esnadbusiness.com/vendor/lukeraymonddowning/honey/src/Http/Middleware/BlockSpammers.php(19): Illuminate\\Pipeline\\Pipeline->Illuminate\\Pipeline\\{closure}(Object(Illuminate\\Http\\Request))
#30 /Users/greelogix/Herd/dev.esnadbusiness.com/vendor/laravel/framework/src/Illuminate/Pipeline/Pipeline.php(180): Lukeraymonddowning\\Honey\\Http\\Middleware\\BlockSpammers->handle(Object(Illuminate\\Http\\Request), Object(Closure))
#31 /Users/greelogix/Herd/dev.esnadbusiness.com/vendor/livewire/livewire/src/DisableBrowserCache.php(19): Illuminate\\Pipeline\\Pipeline->Illuminate\\Pipeline\\{closure}(Object(Illuminate\\Http\\Request))
#32 /Users/greelogix/Herd/dev.esnadbusiness.com/vendor/laravel/framework/src/Illuminate/Pipeline/Pipeline.php(180): Livewire\\DisableBrowserCache->handle(Object(Illuminate\\Http\\Request), Object(Closure))
#33 /Users/greelogix/Herd/dev.esnadbusiness.com/vendor/barryvdh/laravel-debugbar/src/Middleware/InjectDebugbar.php(66): Illuminate\\Pipeline\\Pipeline->Illuminate\\Pipeline\\{closure}(Object(Illuminate\\Http\\Request))
#34 /Users/greelogix/Herd/dev.esnadbusiness.com/vendor/laravel/framework/src/Illuminate/Pipeline/Pipeline.php(180): Barryvdh\\Debugbar\\Middleware\\InjectDebugbar->handle(Object(Illuminate\\Http\\Request), Object(Closure))
#35 /Users/greelogix/Herd/dev.esnadbusiness.com/vendor/laravel/framework/src/Illuminate/Foundation/Http/Middleware/TransformsRequest.php(21): Illuminate\\Pipeline\\Pipeline->Illuminate\\Pipeline\\{closure}(Object(Illuminate\\Http\\Request))
#36 /Users/greelogix/Herd/dev.esnadbusiness.com/vendor/laravel/framework/src/Illuminate/Foundation/Http/Middleware/ConvertEmptyStringsToNull.php(31): Illuminate\\Foundation\\Http\\Middleware\\TransformsRequest->handle(Object(Illuminate\\Http\\Request), Object(Closure))
#37 /Users/greelogix/Herd/dev.esnadbusiness.com/vendor/laravel/framework/src/Illuminate/Pipeline/Pipeline.php(180): Illuminate\\Foundation\\Http\\Middleware\\ConvertEmptyStringsToNull->handle(Object(Illuminate\\Http\\Request), Object(Closure))
#38 /Users/greelogix/Herd/dev.esnadbusiness.com/vendor/laravel/framework/src/Illuminate/Foundation/Http/Middleware/TransformsRequest.php(21): Illuminate\\Pipeline\\Pipeline->Illuminate\\Pipeline\\{closure}(Object(Illuminate\\Http\\Request))
#39 /Users/greelogix/Herd/dev.esnadbusiness.com/vendor/laravel/framework/src/Illuminate/Foundation/Http/Middleware/TrimStrings.php(40): Illuminate\\Foundation\\Http\\Middleware\\TransformsRequest->handle(Object(Illuminate\\Http\\Request), Object(Closure))
#40 /Users/greelogix/Herd/dev.esnadbusiness.com/vendor/laravel/framework/src/Illuminate/Pipeline/Pipeline.php(180): Illuminate\\Foundation\\Http\\Middleware\\TrimStrings->handle(Object(Illuminate\\Http\\Request), Object(Closure))
#41 /Users/greelogix/Herd/dev.esnadbusiness.com/vendor/laravel/framework/src/Illuminate/Foundation/Http/Middleware/ValidatePostSize.php(27): Illuminate\\Pipeline\\Pipeline->Illuminate\\Pipeline\\{closure}(Object(Illuminate\\Http\\Request))
#42 /Users/greelogix/Herd/dev.esnadbusiness.com/vendor/laravel/framework/src/Illuminate/Pipeline/Pipeline.php(180): Illuminate\\Foundation\\Http\\Middleware\\ValidatePostSize->handle(Object(Illuminate\\Http\\Request), Object(Closure))
#43 /Users/greelogix/Herd/dev.esnadbusiness.com/vendor/laravel/framework/src/Illuminate/Foundation/Http/Middleware/PreventRequestsDuringMaintenance.php(86): Illuminate\\Pipeline\\Pipeline->Illuminate\\Pipeline\\{closure}(Object(Illuminate\\Http\\Request))
#44 /Users/greelogix/Herd/dev.esnadbusiness.com/vendor/laravel/framework/src/Illuminate/Pipeline/Pipeline.php(180): Illuminate\\Foundation\\Http\\Middleware\\PreventRequestsDuringMaintenance->handle(Object(Illuminate\\Http\\Request), Object(Closure))
#45 /Users/greelogix/Herd/dev.esnadbusiness.com/vendor/laravel/framework/src/Illuminate/Http/Middleware/HandleCors.php(49): Illuminate\\Pipeline\\Pipeline->Illuminate\\Pipeline\\{closure}(Object(Illuminate\\Http\\Request))
#46 /Users/greelogix/Herd/dev.esnadbusiness.com/vendor/laravel/framework/src/Illuminate/Pipeline/Pipeline.php(180): Illuminate\\Http\\Middleware\\HandleCors->handle(Object(Illuminate\\Http\\Request), Object(Closure))
#47 /Users/greelogix/Herd/dev.esnadbusiness.com/vendor/laravel/framework/src/Illuminate/Http/Middleware/TrustProxies.php(39): Illuminate\\Pipeline\\Pipeline->Illuminate\\Pipeline\\{closure}(Object(Illuminate\\Http\\Request))
#48 /Users/greelogix/Herd/dev.esnadbusiness.com/vendor/laravel/framework/src/Illuminate/Pipeline/Pipeline.php(180): Illuminate\\Http\\Middleware\\TrustProxies->handle(Object(Illuminate\\Http\\Request), Object(Closure))
#49 /Users/greelogix/Herd/dev.esnadbusiness.com/vendor/laravel/framework/src/Illuminate/Pipeline/Pipeline.php(116): Illuminate\\Pipeline\\Pipeline->Illuminate\\Pipeline\\{closure}(Object(Illuminate\\Http\\Request))
#50 /Users/greelogix/Herd/dev.esnadbusiness.com/vendor/laravel/framework/src/Illuminate/Foundation/Http/Kernel.php(175): Illuminate\\Pipeline\\Pipeline->then(Object(Closure))
#51 /Users/greelogix/Herd/dev.esnadbusiness.com/vendor/laravel/framework/src/Illuminate/Foundation/Http/Kernel.php(144): Illuminate\\Foundation\\Http\\Kernel->sendRequestThroughRouter(Object(Illuminate\\Http\\Request))
#52 /Users/greelogix/Herd/dev.esnadbusiness.com/public/index.php(14): Illuminate\\Foundation\\Http\\Kernel->handle(Object(Illuminate\\Http\\Request))
#53 /Users/greelogix/Herd/dev.esnadbusiness.com/vendor/laravel/framework/src/Illuminate/Foundation/resources/server.php(16): require_once('/Users/greelogi...')
#54 {main}

[previous exception] [object] (PDOException(code: 1045): SQLSTATE[HY000] [1045] Access denied for user 'root'@'localhost' (using password: NO) at /Users/greelogix/Herd/dev.esnadbusiness.com/vendor/laravel/framework/src/Illuminate/Database/Connectors/Connector.php:65)
[stacktrace]
#0 /Users/greelogix/Herd/dev.esnadbusiness.com/vendor/laravel/framework/src/Illuminate/Database/Connectors/Connector.php(65): PDO->__construct('mysql:host=loca...', 'root', Object(SensitiveParameterValue), Array)
#1 /Users/greelogix/Herd/dev.esnadbusiness.com/vendor/laravel/framework/src/Illuminate/Database/Connectors/Connector.php(44): Illuminate\\Database\\Connectors\\Connector->createPdoConnection('mysql:host=loca...', 'root', '', Array)
#2 /Users/greelogix/Herd/dev.esnadbusiness.com/vendor/laravel/framework/src/Illuminate/Database/Connectors/MySqlConnector.php(24): Illuminate\\Database\\Connectors\\Connector->createConnection('mysql:host=loca...', Array, Array)
#3 /Users/greelogix/Herd/dev.esnadbusiness.com/vendor/laravel/framework/src/Illuminate/Database/Connectors/ConnectionFactory.php(184): Illuminate\\Database\\Connectors\\MySqlConnector->connect(Array)
#4 [internal function]: Illuminate\\Database\\Connectors\\ConnectionFactory->Illuminate\\Database\\Connectors\\{closure}()
#5 /Users/greelogix/Herd/dev.esnadbusiness.com/vendor/laravel/framework/src/Illuminate/Database/Connection.php(1275): call_user_func(Object(Closure))
#6 /Users/greelogix/Herd/dev.esnadbusiness.com/vendor/laravel/framework/src/Illuminate/Database/Connection.php(1311): Illuminate\\Database\\Connection->getPdo()
#7 /Users/greelogix/Herd/dev.esnadbusiness.com/vendor/laravel/framework/src/Illuminate/Database/Connection.php(521): Illuminate\\Database\\Connection->getReadPdo()
#8 /Users/greelogix/Herd/dev.esnadbusiness.com/vendor/laravel/framework/src/Illuminate/Database/Connection.php(416): Illuminate\\Database\\Connection->getPdoForSelect(true)
#9 /Users/greelogix/Herd/dev.esnadbusiness.com/vendor/laravel/framework/src/Illuminate/Database/Connection.php(788): Illuminate\\Database\\Connection->Illuminate\\Database\\{closure}('select * from `...', Array)
#10 /Users/greelogix/Herd/dev.esnadbusiness.com/vendor/laravel/framework/src/Illuminate/Database/Connection.php(755): Illuminate\\Database\\Connection->runQueryCallback('select * from `...', Array, Object(Closure))
#11 /Users/greelogix/Herd/dev.esnadbusiness.com/vendor/laravel/framework/src/Illuminate/Database/Connection.php(407): Illuminate\\Database\\Connection->run('select * from `...', Array, Object(Closure))
#12 /Users/greelogix/Herd/dev.esnadbusiness.com/vendor/laravel/framework/src/Illuminate/Database/Query/Builder.php(2747): Illuminate\\Database\\Connection->select('select * from `...', Array, true)
#13 /Users/greelogix/Herd/dev.esnadbusiness.com/vendor/laravel/framework/src/Illuminate/Database/Query/Builder.php(2736): Illuminate\\Database\\Query\\Builder->runSelect()
#14 /Users/greelogix/Herd/dev.esnadbusiness.com/vendor/laravel/framework/src/Illuminate/Database/Query/Builder.php(3290): Illuminate\\Database\\Query\\Builder->Illuminate\\Database\\Query\\{closure}()
#15 /Users/greelogix/Herd/dev.esnadbusiness.com/vendor/laravel/framework/src/Illuminate/Database/Query/Builder.php(2735): Illuminate\\Database\\Query\\Builder->onceWithColumns(Array, Object(Closure))
#16 /Users/greelogix/Herd/dev.esnadbusiness.com/vendor/laravel/framework/src/Illuminate/Database/Concerns/BuildsQueries.php(296): Illuminate\\Database\\Query\\Builder->get(Array)
#17 /Users/greelogix/Herd/dev.esnadbusiness.com/vendor/laravel/framework/src/Illuminate/Database/Query/Builder.php(2658): Illuminate\\Database\\Query\\Builder->first(Array)
#18 /Users/greelogix/Herd/dev.esnadbusiness.com/vendor/laravel/framework/src/Illuminate/Session/DatabaseSessionHandler.php(97): Illuminate\\Database\\Query\\Builder->find('Da1FpXCl9v35O0R...')
#19 /Users/greelogix/Herd/dev.esnadbusiness.com/vendor/laravel/framework/src/Illuminate/Session/Store.php(113): Illuminate\\Session\\DatabaseSessionHandler->read('Da1FpXCl9v35O0R...')
#20 /Users/greelogix/Herd/dev.esnadbusiness.com/vendor/laravel/framework/src/Illuminate/Session/Store.php(101): Illuminate\\Session\\Store->readFromHandler()
#21 /Users/greelogix/Herd/dev.esnadbusiness.com/vendor/laravel/framework/src/Illuminate/Session/Store.php(85): Illuminate\\Session\\Store->loadSession()
#22 /Users/greelogix/Herd/dev.esnadbusiness.com/vendor/laravel/framework/src/Illuminate/Session/Middleware/StartSession.php(148): Illuminate\\Session\\Store->start()
#23 /Users/greelogix/Herd/dev.esnadbusiness.com/vendor/laravel/framework/src/Illuminate/Support/helpers.php(307): Illuminate\\Session\\Middleware\\StartSession->Illuminate\\Session\\Middleware\\{closure}(Object(Illuminate\\Session\\EncryptedStore))
#24 /Users/greelogix/Herd/dev.esnadbusiness.com/vendor/laravel/framework/src/Illuminate/Session/Middleware/StartSession.php(145): tap(Object(Illuminate\\Session\\EncryptedStore), Object(Closure))
#25 /Users/greelogix/Herd/dev.esnadbusiness.com/vendor/laravel/framework/src/Illuminate/Session/Middleware/StartSession.php(117): Illuminate\\Session\\Middleware\\StartSession->startSession(Object(Illuminate\\Http\\Request), Object(Illuminate\\Session\\EncryptedStore))
#26 /Users/greelogix/Herd/dev.esnadbusiness.com/vendor/laravel/framework/src/Illuminate/Session/Middleware/StartSession.php(65): Illuminate\\Session\\Middleware\\StartSession->handleStatefulRequest(Object(Illuminate\\Http\\Request), Object(Illuminate\\Session\\EncryptedStore), Object(Closure))
#27 /Users/greelogix/Herd/dev.esnadbusiness.com/vendor/laravel/framework/src/Illuminate/Pipeline/Pipeline.php(180): Illuminate\\Session\\Middleware\\StartSession->handle(Object(Illuminate\\Http\\Request), Object(Closure))
#28 /Users/greelogix/Herd/dev.esnadbusiness.com/vendor/laravel/framework/src/Illuminate/Cookie/Middleware/AddQueuedCookiesToResponse.php(37): Illuminate\\Pipeline\\Pipeline->Illuminate\\Pipeline\\{closure}(Object(Illuminate\\Http\\Request))
#29 /Users/greelogix/Herd/dev.esnadbusiness.com/vendor/laravel/framework/src/Illuminate/Pipeline/Pipeline.php(180): Illuminate\\Cookie\\Middleware\\AddQueuedCookiesToResponse->handle(Object(Illuminate\\Http\\Request), Object(Closure))
#30 /Users/greelogix/Herd/dev.esnadbusiness.com/vendor/laravel/framework/src/Illuminate/Cookie/Middleware/EncryptCookies.php(67): Illuminate\\Pipeline\\Pipeline->Illuminate\\Pipeline\\{closure}(Object(Illuminate\\Http\\Request))
#31 /Users/greelogix/Herd/dev.esnadbusiness.com/vendor/laravel/framework/src/Illuminate/Pipeline/Pipeline.php(180): Illuminate\\Cookie\\Middleware\\EncryptCookies->handle(Object(Illuminate\\Http\\Request), Object(Closure))
#32 /Users/greelogix/Herd/dev.esnadbusiness.com/vendor/laravel/framework/src/Illuminate/Pipeline/Pipeline.php(116): Illuminate\\Pipeline\\Pipeline->Illuminate\\Pipeline\\{closure}(Object(Illuminate\\Http\\Request))
#33 /Users/greelogix/Herd/dev.esnadbusiness.com/vendor/laravel/framework/src/Illuminate/Routing/Router.php(798): Illuminate\\Pipeline\\Pipeline->then(Object(Closure))
#34 /Users/greelogix/Herd/dev.esnadbusiness.com/vendor/laravel/framework/src/Illuminate/Routing/Router.php(777): Illuminate\\Routing\\Router->runRouteWithinStack(Object(Illuminate\\Routing\\Route), Object(Illuminate\\Http\\Request))
#35 /Users/greelogix/Herd/dev.esnadbusiness.com/vendor/laravel/framework/src/Illuminate/Routing/Router.php(741): Illuminate\\Routing\\Router->runRoute(Object(Illuminate\\Http\\Request), Object(Illuminate\\Routing\\Route))
#36 /Users/greelogix/Herd/dev.esnadbusiness.com/vendor/laravel/framework/src/Illuminate/Routing/Router.php(730): Illuminate\\Routing\\Router->dispatchToRoute(Object(Illuminate\\Http\\Request))
#37 /Users/greelogix/Herd/dev.esnadbusiness.com/vendor/laravel/framework/src/Illuminate/Foundation/Http/Kernel.php(200): Illuminate\\Routing\\Router->dispatch(Object(Illuminate\\Http\\Request))
#38 /Users/greelogix/Herd/dev.esnadbusiness.com/vendor/laravel/framework/src/Illuminate/Pipeline/Pipeline.php(141): Illuminate\\Foundation\\Http\\Kernel->Illuminate\\Foundation\\Http\\{closure}(Object(Illuminate\\Http\\Request))
#39 /Users/greelogix/Herd/dev.esnadbusiness.com/vendor/lukeraymonddowning/honey/src/Http/Middleware/BlockSpammers.php(19): Illuminate\\Pipeline\\Pipeline->Illuminate\\Pipeline\\{closure}(Object(Illuminate\\Http\\Request))
#40 /Users/greelogix/Herd/dev.esnadbusiness.com/vendor/laravel/framework/src/Illuminate/Pipeline/Pipeline.php(180): Lukeraymonddowning\\Honey\\Http\\Middleware\\BlockSpammers->handle(Object(Illuminate\\Http\\Request), Object(Closure))
#41 /Users/greelogix/Herd/dev.esnadbusiness.com/vendor/livewire/livewire/src/DisableBrowserCache.php(19): Illuminate\\Pipeline\\Pipeline->Illuminate\\Pipeline\\{closure}(Object(Illuminate\\Http\\Request))
#42 /Users/greelogix/Herd/dev.esnadbusiness.com/vendor/laravel/framework/src/Illuminate/Pipeline/Pipeline.php(180): Livewire\\DisableBrowserCache->handle(Object(Illuminate\\Http\\Request), Object(Closure))
#43 /Users/greelogix/Herd/dev.esnadbusiness.com/vendor/barryvdh/laravel-debugbar/src/Middleware/InjectDebugbar.php(66): Illuminate\\Pipeline\\Pipeline->Illuminate\\Pipeline\\{closure}(Object(Illuminate\\Http\\Request))
#44 /Users/greelogix/Herd/dev.esnadbusiness.com/vendor/laravel/framework/src/Illuminate/Pipeline/Pipeline.php(180): Barryvdh\\Debugbar\\Middleware\\InjectDebugbar->handle(Object(Illuminate\\Http\\Request), Object(Closure))
#45 /Users/greelogix/Herd/dev.esnadbusiness.com/vendor/laravel/framework/src/Illuminate/Foundation/Http/Middleware/TransformsRequest.php(21): Illuminate\\Pipeline\\Pipeline->Illuminate\\Pipeline\\{closure}(Object(Illuminate\\Http\\Request))
#46 /Users/greelogix/Herd/dev.esnadbusiness.com/vendor/laravel/framework/src/Illuminate/Foundation/Http/Middleware/ConvertEmptyStringsToNull.php(31): Illuminate\\Foundation\\Http\\Middleware\\TransformsRequest->handle(Object(Illuminate\\Http\\Request), Object(Closure))
#47 /Users/greelogix/Herd/dev.esnadbusiness.com/vendor/laravel/framework/src/Illuminate/Pipeline/Pipeline.php(180): Illuminate\\Foundation\\Http\\Middleware\\ConvertEmptyStringsToNull->handle(Object(Illuminate\\Http\\Request), Object(Closure))
#48 /Users/greelogix/Herd/dev.esnadbusiness.com/vendor/laravel/framework/src/Illuminate/Foundation/Http/Middleware/TransformsRequest.php(21): Illuminate\\Pipeline\\Pipeline->Illuminate\\Pipeline\\{closure}(Object(Illuminate\\Http\\Request))
#49 /Users/greelogix/Herd/dev.esnadbusiness.com/vendor/laravel/framework/src/Illuminate/Foundation/Http/Middleware/TrimStrings.php(40): Illuminate\\Foundation\\Http\\Middleware\\TransformsRequest->handle(Object(Illuminate\\Http\\Request), Object(Closure))
#50 /Users/greelogix/Herd/dev.esnadbusiness.com/vendor/laravel/framework/src/Illuminate/Pipeline/Pipeline.php(180): Illuminate\\Foundation\\Http\\Middleware\\TrimStrings->handle(Object(Illuminate\\Http\\Request), Object(Closure))
#51 /Users/greelogix/Herd/dev.esnadbusiness.com/vendor/laravel/framework/src/Illuminate/Foundation/Http/Middleware/ValidatePostSize.php(27): Illuminate\\Pipeline\\Pipeline->Illuminate\\Pipeline\\{closure}(Object(Illuminate\\Http\\Request))
#52 /Users/greelogix/Herd/dev.esnadbusiness.com/vendor/laravel/framework/src/Illuminate/Pipeline/Pipeline.php(180): Illuminate\\Foundation\\Http\\Middleware\\ValidatePostSize->handle(Object(Illuminate\\Http\\Request), Object(Closure))
#53 /Users/greelogix/Herd/dev.esnadbusiness.com/vendor/laravel/framework/src/Illuminate/Foundation/Http/Middleware/PreventRequestsDuringMaintenance.php(86): Illuminate\\Pipeline\\Pipeline->Illuminate\\Pipeline\\{closure}(Object(Illuminate\\Http\\Request))
#54 /Users/greelogix/Herd/dev.esnadbusiness.com/vendor/laravel/framework/src/Illuminate/Pipeline/Pipeline.php(180): Illuminate\\Foundation\\Http\\Middleware\\PreventRequestsDuringMaintenance->handle(Object(Illuminate\\Http\\Request), Object(Closure))
#55 /Users/greelogix/Herd/dev.esnadbusiness.com/vendor/laravel/framework/src/Illuminate/Http/Middleware/HandleCors.php(49): Illuminate\\Pipeline\\Pipeline->Illuminate\\Pipeline\\{closure}(Object(Illuminate\\Http\\Request))
#56 /Users/greelogix/Herd/dev.esnadbusiness.com/vendor/laravel/framework/src/Illuminate/Pipeline/Pipeline.php(180): Illuminate\\Http\\Middleware\\HandleCors->handle(Object(Illuminate\\Http\\Request), Object(Closure))
#57 /Users/greelogix/Herd/dev.esnadbusiness.com/vendor/laravel/framework/src/Illuminate/Http/Middleware/TrustProxies.php(39): Illuminate\\Pipeline\\Pipeline->Illuminate\\Pipeline\\{closure}(Object(Illuminate\\Http\\Request))
#58 /Users/greelogix/Herd/dev.esnadbusiness.com/vendor/laravel/framework/src/Illuminate/Pipeline/Pipeline.php(180): Illuminate\\Http\\Middleware\\TrustProxies->handle(Object(Illuminate\\Http\\Request), Object(Closure))
#59 /Users/greelogix/Herd/dev.esnadbusiness.com/vendor/laravel/framework/src/Illuminate/Pipeline/Pipeline.php(116): Illuminate\\Pipeline\\Pipeline->Illuminate\\Pipeline\\{closure}(Object(Illuminate\\Http\\Request))
#60 /Users/greelogix/Herd/dev.esnadbusiness.com/vendor/laravel/framework/src/Illuminate/Foundation/Http/Kernel.php(175): Illuminate\\Pipeline\\Pipeline->then(Object(Closure))
#61 /Users/greelogix/Herd/dev.esnadbusiness.com/vendor/laravel/framework/src/Illuminate/Foundation/Http/Kernel.php(144): Illuminate\\Foundation\\Http\\Kernel->sendRequestThroughRouter(Object(Illuminate\\Http\\Request))
#62 /Users/greelogix/Herd/dev.esnadbusiness.com/public/index.php(14): Illuminate\\Foundation\\Http\\Kernel->handle(Object(Illuminate\\Http\\Request))
#63 /Users/greelogix/Herd/dev.esnadbusiness.com/vendor/laravel/framework/src/Illuminate/Foundation/resources/server.php(16): require_once('/Users/greelogi...')
#64 {main}
"} 
[2025-05-22 08:37:50] local.ERROR: Debugbar exception: SQLSTATE[HY000] [1045] Access denied for user 'root'@'localhost' (using password: NO) (Connection: mysql, SQL: select * from `sessions` where `id` = Da1FpXCl9v35O0RqYXOEkTlz6ZkfjhtFmHxyQYSF limit 1)  
[2025-05-22 08:37:51] local.ERROR: SQLSTATE[HY000] [1045] Access denied for user 'root'@'localhost' (using password: NO) (Connection: mysql, SQL: select * from `settings_appearance` limit 1) {"view":{"view":"/Users/greelogix/Herd/dev.esnadbusiness.com/resources/views/errors/404.blade.php","data":{"errors":"<pre class=sf-dump id=sf-dump-364137075 data-indent-pad=\"  \"><span class=sf-dump-note>Illuminate\\Support\\ViewErrorBag</span> {<a class=sf-dump-ref>#1547</a><samp data-depth=1 class=sf-dump-expanded>
  #<span class=sf-dump-protected title=\"Protected property\">bags</span>: []
</samp>}
</pre><script>Sfdump(\"sf-dump-364137075\", {\"maxDepth\":3,\"maxStringLength\":160})</script>
","exception":"<pre class=sf-dump id=sf-dump-2096339237 data-indent-pad=\"  \"><span class=sf-dump-note>Symfony\\Component\\HttpKernel\\Exception\\NotFoundHttpException</span> {<a class=sf-dump-ref>#994</a><samp data-depth=1 class=sf-dump-expanded>
  #<span class=sf-dump-protected title=\"Protected property\">message</span>: \"<span class=sf-dump-str title=\"41 characters\">The route favicon.ico could not be found.</span>\"
  #<span class=sf-dump-protected title=\"Protected property\">code</span>: <span class=sf-dump-num>0</span>
  #<span class=sf-dump-protected title=\"Protected property\">file</span>: \"<span class=sf-dump-str title=\"/Users/greelogix/Herd/dev.esnadbusiness.com/vendor/laravel/framework/src/Illuminate/Routing/AbstractRouteCollection.php
119 characters\"><span class=\"sf-dump-ellipsis sf-dump-ellipsis-path\">/Users/greelogix/Herd/dev.esnadbusiness.com/vendor</span><span class=\"sf-dump-ellipsis sf-dump-ellipsis-path\">/laravel/framework/</span>src/Illuminate/Routing/AbstractRouteCollection.php</span>\"
  #<span class=sf-dump-protected title=\"Protected property\">line</span>: <span class=sf-dump-num>44</span>
  -<span class=sf-dump-private title=\"Private property defined in class:&#10;`Symfony\\Component\\HttpKernel\\Exception\\HttpException`\">statusCode</span>: <span class=sf-dump-num>404</span>
  -<span class=sf-dump-private title=\"Private property defined in class:&#10;`Symfony\\Component\\HttpKernel\\Exception\\HttpException`\">headers</span>: []
  <span class=sf-dump-meta>trace</span>: {<samp data-depth=2 class=sf-dump-compact>
    <span class=sf-dump-meta title=\"/Users/greelogix/Herd/dev.esnadbusiness.com/vendor/laravel/framework/src/Illuminate/Routing/AbstractRouteCollection.php:44
Stack level 32.\"><span class=\"sf-dump-ellipsis sf-dump-ellipsis-path\">/Users/greelogix/Herd/dev.esnadbusiness.com/vendor</span><span class=\"sf-dump-ellipsis sf-dump-ellipsis-path\">/laravel/framework/</span>src/Illuminate/Routing/AbstractRouteCollection.php:44</span> {<samp data-depth=3 class=sf-dump-compact>
      <span class=sf-dump-note title=\"Illuminate\\Routing\\AbstractRouteCollection-&gt;handleMatchedRoute(Request $request, $route)
\"><span class=\"sf-dump-ellipsis sf-dump-ellipsis-note\">Illuminate\\Routing</span><span class=\"sf-dump-ellipsis sf-dump-ellipsis-note\">\\</span>AbstractRouteCollection-&gt;handleMatchedRoute(Request $request, $route)</span> &#8230;
      &#8250; 
      &#8250; <code class=\"php\"><span class=sf-dump-const title=\"in Illuminate\\Routing\\AbstractRouteCollection-&gt;handleMatchedRoute(Request $request, $route)\">throw new NotFoundHttpException(sprintf(</span></code>
      &#8250; <code class=\"php\"><span class=sf-dump-default>    &#039;The route %s could not be found.&#039;,</span></code>
    </samp>}
    <span class=sf-dump-meta title=\"/Users/greelogix/Herd/dev.esnadbusiness.com/vendor/laravel/framework/src/Illuminate/Routing/RouteCollection.php:162
Stack level 31.\"><span class=\"sf-dump-ellipsis sf-dump-ellipsis-path\">/Users/greelogix/Herd/dev.esnadbusiness.com/vendor</span><span class=\"sf-dump-ellipsis sf-dump-ellipsis-path\">/laravel/framework/</span>src/Illuminate/Routing/RouteCollection.php:162</span> {<samp data-depth=3 class=sf-dump-compact>
      <span class=sf-dump-note title=\"Illuminate\\Routing\\RouteCollection-&gt;match(Request $request)
\"><span class=\"sf-dump-ellipsis sf-dump-ellipsis-note\">Illuminate\\Routing</span><span class=\"sf-dump-ellipsis sf-dump-ellipsis-note\">\\</span>RouteCollection-&gt;match(Request $request)</span> &#8230;
      &#8250; 
      &#8250; <code class=\"php\"><span class=sf-dump-const title=\"in Illuminate\\Routing\\RouteCollection-&gt;match(Request $request)\">    return $this-&gt;handleMatchedRoute($request, $route);</span></code>
      &#8250; <code class=\"php\"><span class=sf-dump-default>}</span></code>
      <span class=sf-dump-meta>arguments</span>: { &#8230;2}
    </samp>}
    <span class=sf-dump-meta title=\"/Users/greelogix/Herd/dev.esnadbusiness.com/vendor/laravel/framework/src/Illuminate/Routing/Router.php:754
Stack level 30.\"><span class=\"sf-dump-ellipsis sf-dump-ellipsis-path\">/Users/greelogix/Herd/dev.esnadbusiness.com/vendor</span><span class=\"sf-dump-ellipsis sf-dump-ellipsis-path\">/laravel/framework/</span>src/Illuminate/Routing/Router.php:754</span> {<samp data-depth=3 class=sf-dump-compact>
      <span class=sf-dump-note title=\"Illuminate\\Routing\\Router-&gt;findRoute($request)
\"><span class=\"sf-dump-ellipsis sf-dump-ellipsis-note\">Illuminate\\Routing</span><span class=\"sf-dump-ellipsis sf-dump-ellipsis-note\">\\</span>Router-&gt;findRoute($request)</span> &#8230;
      &#8250; 
      &#8250; <code class=\"php\"><span class=sf-dump-const title=\"in Illuminate\\Routing\\Router-&gt;findRoute($request)\">$this-&gt;current = $route = $this-&gt;routes-&gt;match($request);</span></code>
      &#8250; 
      <span class=sf-dump-meta>arguments</span>: { &#8230;1}
    </samp>}
    <span class=sf-dump-meta title=\"/Users/greelogix/Herd/dev.esnadbusiness.com/vendor/laravel/framework/src/Illuminate/Routing/Router.php:741
Stack level 29.\"><span class=\"sf-dump-ellipsis sf-dump-ellipsis-path\">/Users/greelogix/Herd/dev.esnadbusiness.com/vendor</span><span class=\"sf-dump-ellipsis sf-dump-ellipsis-path\">/laravel/framework/</span>src/Illuminate/Routing/Router.php:741</span> {<samp data-depth=3 class=sf-dump-compact>
      <span class=sf-dump-note title=\"Illuminate\\Routing\\Router-&gt;dispatchToRoute(Request $request)
\"><span class=\"sf-dump-ellipsis sf-dump-ellipsis-note\">Illuminate\\Routing</span><span class=\"sf-dump-ellipsis sf-dump-ellipsis-note\">\\</span>Router-&gt;dispatchToRoute(Request $request)</span> &#8230;
      &#8250; <code class=\"php\"><span class=sf-dump-default>{</span></code>
      &#8250; <code class=\"php\"><span class=sf-dump-const title=\"in Illuminate\\Routing\\Router-&gt;dispatchToRoute(Request $request)\">    return $this-&gt;runRoute($request, $this-&gt;findRoute($request));</span></code>
      &#8250; <code class=\"php\"><span class=sf-dump-default>}</span></code>
      <span class=sf-dump-meta>arguments</span>: { &#8230;1}
    </samp>}
    <span class=sf-dump-meta title=\"/Users/greelogix/Herd/dev.esnadbusiness.com/vendor/laravel/framework/src/Illuminate/Routing/Router.php:730
Stack level 28.\"><span class=\"sf-dump-ellipsis sf-dump-ellipsis-path\">/Users/greelogix/Herd/dev.esnadbusiness.com/vendor</span><span class=\"sf-dump-ellipsis sf-dump-ellipsis-path\">/laravel/framework/</span>src/Illuminate/Routing/Router.php:730</span> {<samp data-depth=3 class=sf-dump-compact>
      <span class=sf-dump-note title=\"Illuminate\\Routing\\Router-&gt;dispatch(Request $request)
\"><span class=\"sf-dump-ellipsis sf-dump-ellipsis-note\">Illuminate\\Routing</span><span class=\"sf-dump-ellipsis sf-dump-ellipsis-note\">\\</span>Router-&gt;dispatch(Request $request)</span> &#8230;
      &#8250; 
      &#8250; <code class=\"php\"><span class=sf-dump-const title=\"in Illuminate\\Routing\\Router-&gt;dispatch(Request $request)\">    return $this-&gt;dispatchToRoute($request);</span></code>
      &#8250; <code class=\"php\"><span class=sf-dump-default>}</span></code>
      <span class=sf-dump-meta>arguments</span>: { &#8230;1}
    </samp>}
    <span class=sf-dump-meta title=\"/Users/greelogix/Herd/dev.esnadbusiness.com/vendor/laravel/framework/src/Illuminate/Foundation/Http/Kernel.php:200
Stack level 27.\"><span class=\"sf-dump-ellipsis sf-dump-ellipsis-path\">/Users/greelogix/Herd/dev.esnadbusiness.com/vendor</span><span class=\"sf-dump-ellipsis sf-dump-ellipsis-path\">/laravel/framework/</span>src/Illuminate/Foundation/Http/Kernel.php:200</span> {<samp data-depth=3 class=sf-dump-compact>
      <span class=sf-dump-note title=\"Illuminate\\Foundation\\Http\\Kernel-&gt;Illuminate\\Foundation\\Http\\{closure}
\"><span class=\"sf-dump-ellipsis sf-dump-ellipsis-note\">Illuminate\\Foundation\\Http\\Kernel-&gt;Illuminate\\Foundation\\Http</span><span class=\"sf-dump-ellipsis sf-dump-ellipsis-note\">\\</span>{closure}</span> &#8230;
      &#8250; 
      &#8250; <code class=\"php\"><span class=sf-dump-const title=\"in Illuminate\\Foundation\\Http\\Kernel-&gt;Illuminate\\Foundation\\Http\\{closure}\">    return $this-&gt;router-&gt;dispatch($request);</span></code>
      &#8250; <code class=\"php\"><span class=sf-dump-default>};</span></code>
      <span class=sf-dump-meta>arguments</span>: { &#8230;1}
    </samp>}
    <span class=sf-dump-meta title=\"/Users/greelogix/Herd/dev.esnadbusiness.com/vendor/laravel/framework/src/Illuminate/Pipeline/Pipeline.php:141
Stack level 26.\"><span class=\"sf-dump-ellipsis sf-dump-ellipsis-path\">/Users/greelogix/Herd/dev.esnadbusiness.com/vendor</span><span class=\"sf-dump-ellipsis sf-dump-ellipsis-path\">/laravel/framework/</span>src/Illuminate/Pipeline/Pipeline.php:141</span> {<samp data-depth=3 class=sf-dump-compact>
      <span class=sf-dump-note title=\"Illuminate\\Pipeline\\Pipeline-&gt;Illuminate\\Pipeline\\{closure}
\"><span class=\"sf-dump-ellipsis sf-dump-ellipsis-note\">Illuminate\\Pipeline\\Pipeline-&gt;Illuminate\\Pipeline</span><span class=\"sf-dump-ellipsis sf-dump-ellipsis-note\">\\</span>{closure}</span> &#8230;
      &#8250; <code class=\"php\"><span class=sf-dump-default>try {</span></code>
      &#8250; <code class=\"php\"><span class=sf-dump-const title=\"in Illuminate\\Pipeline\\Pipeline-&gt;Illuminate\\Pipeline\\{closure}\">    return $destination($passable);</span></code>
      &#8250; <code class=\"php\"><span class=sf-dump-default>} catch (Throwable $e) {</span></code>
      <span class=sf-dump-meta>arguments</span>: { &#8230;1}
    </samp>}
    <span class=sf-dump-meta title=\"/Users/greelogix/Herd/dev.esnadbusiness.com/vendor/lukeraymonddowning/honey/src/Http/Middleware/BlockSpammers.php:19
Stack level 25.\"><span class=\"sf-dump-ellipsis sf-dump-ellipsis-path\">/Users/greelogix/Herd/dev.esnadbusiness.com/vendor</span><span class=\"sf-dump-ellipsis sf-dump-ellipsis-path\">/lukeraymonddowning/honey/</span>src/Http/Middleware/BlockSpammers.php:19</span> {<samp data-depth=3 class=sf-dump-compact>
      <span class=sf-dump-note title=\"Lukeraymonddowning\\Honey\\Http\\Middleware\\BlockSpammers-&gt;handle(Request $request, callable $next)
\"><span class=\"sf-dump-ellipsis sf-dump-ellipsis-note\">Lukeraymonddowning\\Honey\\Http\\Middleware</span><span class=\"sf-dump-ellipsis sf-dump-ellipsis-note\">\\</span>BlockSpammers-&gt;handle(Request $request, callable $next)</span> &#8230;
      &#8250; 
      &#8250; <code class=\"php\"><span class=sf-dump-const title=\"in Lukeraymonddowning\\Honey\\Http\\Middleware\\BlockSpammers-&gt;handle(Request $request, callable $next)\">    return $next($request);</span></code>
      &#8250; <code class=\"php\"><span class=sf-dump-default>}</span></code>
      <span class=sf-dump-meta>arguments</span>: { &#8230;1}
    </samp>}
    <span class=sf-dump-meta title=\"/Users/greelogix/Herd/dev.esnadbusiness.com/vendor/laravel/framework/src/Illuminate/Pipeline/Pipeline.php:180
Stack level 24.\"><span class=\"sf-dump-ellipsis sf-dump-ellipsis-path\">/Users/greelogix/Herd/dev.esnadbusiness.com/vendor</span><span class=\"sf-dump-ellipsis sf-dump-ellipsis-path\">/laravel/framework/</span>src/Illuminate/Pipeline/Pipeline.php:180</span> {<samp data-depth=3 class=sf-dump-compact>
      <span class=sf-dump-note title=\"Illuminate\\Pipeline\\Pipeline-&gt;Illuminate\\Pipeline\\{closure}
\"><span class=\"sf-dump-ellipsis sf-dump-ellipsis-note\">Illuminate\\Pipeline\\Pipeline-&gt;Illuminate\\Pipeline</span><span class=\"sf-dump-ellipsis sf-dump-ellipsis-note\">\\</span>{closure}</span> &#8230;
      &#8250; <code class=\"php\"><span class=sf-dump-default>$carry = method_exists($pipe, $this-&gt;method)</span></code>
      &#8250; <code class=\"php\"><span class=sf-dump-const title=\"in Illuminate\\Pipeline\\Pipeline-&gt;Illuminate\\Pipeline\\{closure}\">                ? $pipe-&gt;{$this-&gt;method}(...$parameters)</span></code>
      &#8250; <code class=\"php\"><span class=sf-dump-default>                : $pipe(...$parameters);</span></code>
      <span class=sf-dump-meta>arguments</span>: { &#8230;2}
    </samp>}
    <span class=sf-dump-meta title=\"/Users/greelogix/Herd/dev.esnadbusiness.com/vendor/livewire/livewire/src/DisableBrowserCache.php:19
Stack level 23.\"><span class=\"sf-dump-ellipsis sf-dump-ellipsis-path\">/Users/greelogix/Herd/dev.esnadbusiness.com/vendor</span><span class=\"sf-dump-ellipsis sf-dump-ellipsis-path\">/livewire/livewire/</span>src/DisableBrowserCache.php:19</span> {<samp data-depth=3 class=sf-dump-compact>
      <span class=sf-dump-note title=\"Livewire\\DisableBrowserCache-&gt;handle($request, Closure $next)
\"><span class=\"sf-dump-ellipsis sf-dump-ellipsis-note\">Livewire</span><span class=\"sf-dump-ellipsis sf-dump-ellipsis-note\">\\</span>DisableBrowserCache-&gt;handle($request, Closure $next)</span> &#8230;
      &#8250; <code class=\"php\"><span class=sf-dump-default>{</span></code>
      &#8250; <code class=\"php\"><span class=sf-dump-const title=\"in Livewire\\DisableBrowserCache-&gt;handle($request, Closure $next)\">    $response = $next($request);</span></code>
      &#8250; 
      <span class=sf-dump-meta>arguments</span>: { &#8230;1}
    </samp>}
    <span class=sf-dump-meta title=\"/Users/greelogix/Herd/dev.esnadbusiness.com/vendor/laravel/framework/src/Illuminate/Pipeline/Pipeline.php:180
Stack level 22.\"><span class=\"sf-dump-ellipsis sf-dump-ellipsis-path\">/Users/greelogix/Herd/dev.esnadbusiness.com/vendor</span><span class=\"sf-dump-ellipsis sf-dump-ellipsis-path\">/laravel/framework/</span>src/Illuminate/Pipeline/Pipeline.php:180</span> {<samp data-depth=3 class=sf-dump-compact>
      <span class=sf-dump-note title=\"Illuminate\\Pipeline\\Pipeline-&gt;Illuminate\\Pipeline\\{closure}
\"><span class=\"sf-dump-ellipsis sf-dump-ellipsis-note\">Illuminate\\Pipeline\\Pipeline-&gt;Illuminate\\Pipeline</span><span class=\"sf-dump-ellipsis sf-dump-ellipsis-note\">\\</span>{closure}</span> &#8230;
      &#8250; <code class=\"php\"><span class=sf-dump-default>$carry = method_exists($pipe, $this-&gt;method)</span></code>
      &#8250; <code class=\"php\"><span class=sf-dump-const title=\"in Illuminate\\Pipeline\\Pipeline-&gt;Illuminate\\Pipeline\\{closure}\">                ? $pipe-&gt;{$this-&gt;method}(...$parameters)</span></code>
      &#8250; <code class=\"php\"><span class=sf-dump-default>                : $pipe(...$parameters);</span></code>
      <span class=sf-dump-meta>arguments</span>: { &#8230;2}
    </samp>}
    <span class=sf-dump-meta title=\"/Users/greelogix/Herd/dev.esnadbusiness.com/vendor/barryvdh/laravel-debugbar/src/Middleware/InjectDebugbar.php:66
Stack level 21.\"><span class=\"sf-dump-ellipsis sf-dump-ellipsis-path\">/Users/greelogix/Herd/dev.esnadbusiness.com/vendor</span><span class=\"sf-dump-ellipsis sf-dump-ellipsis-path\">/barryvdh/laravel-debugbar/</span>src/Middleware/InjectDebugbar.php:66</span> {<samp data-depth=3 class=sf-dump-compact>
      <span class=sf-dump-note title=\"Barryvdh\\Debugbar\\Middleware\\InjectDebugbar-&gt;handle($request, Closure $next)
\"><span class=\"sf-dump-ellipsis sf-dump-ellipsis-note\">Barryvdh\\Debugbar\\Middleware</span><span class=\"sf-dump-ellipsis sf-dump-ellipsis-note\">\\</span>InjectDebugbar-&gt;handle($request, Closure $next)</span> &#8230;
      &#8250; <code class=\"php\"><span class=sf-dump-default>    /** @var \\Illuminate\\Http\\Response $response */</span></code>
      &#8250; <code class=\"php\"><span class=sf-dump-const title=\"in Barryvdh\\Debugbar\\Middleware\\InjectDebugbar-&gt;handle($request, Closure $next)\">    $response = $next($request);</span></code>
      &#8250; <code class=\"php\"><span class=sf-dump-default>} catch (Throwable $e) {</span></code>
      <span class=sf-dump-meta>arguments</span>: { &#8230;1}
    </samp>}
    <span class=sf-dump-meta title=\"/Users/greelogix/Herd/dev.esnadbusiness.com/vendor/laravel/framework/src/Illuminate/Pipeline/Pipeline.php:180
Stack level 20.\"><span class=\"sf-dump-ellipsis sf-dump-ellipsis-path\">/Users/greelogix/Herd/dev.esnadbusiness.com/vendor</span><span class=\"sf-dump-ellipsis sf-dump-ellipsis-path\">/laravel/framework/</span>src/Illuminate/Pipeline/Pipeline.php:180</span> {<samp data-depth=3 class=sf-dump-compact>
      <span class=sf-dump-note title=\"Illuminate\\Pipeline\\Pipeline-&gt;Illuminate\\Pipeline\\{closure}
\"><span class=\"sf-dump-ellipsis sf-dump-ellipsis-note\">Illuminate\\Pipeline\\Pipeline-&gt;Illuminate\\Pipeline</span><span class=\"sf-dump-ellipsis sf-dump-ellipsis-note\">\\</span>{closure}</span> &#8230;
      &#8250; <code class=\"php\"><span class=sf-dump-default>$carry = method_exists($pipe, $this-&gt;method)</span></code>
      &#8250; <code class=\"php\"><span class=sf-dump-const title=\"in Illuminate\\Pipeline\\Pipeline-&gt;Illuminate\\Pipeline\\{closure}\">                ? $pipe-&gt;{$this-&gt;method}(...$parameters)</span></code>
      &#8250; <code class=\"php\"><span class=sf-dump-default>                : $pipe(...$parameters);</span></code>
      <span class=sf-dump-meta>arguments</span>: { &#8230;2}
    </samp>}
    <span class=sf-dump-meta title=\"/Users/greelogix/Herd/dev.esnadbusiness.com/vendor/laravel/framework/src/Illuminate/Foundation/Http/Middleware/TransformsRequest.php:21
Stack level 19.\"><span class=\"sf-dump-ellipsis sf-dump-ellipsis-path\">/Users/greelogix/Herd/dev.esnadbusiness.com/vendor</span><span class=\"sf-dump-ellipsis sf-dump-ellipsis-path\">/laravel/framework/</span>src/Illuminate/Foundation/Http/Middleware/TransformsRequest.php:21</span> {<samp data-depth=3 class=sf-dump-compact>
      <span class=sf-dump-note title=\"Illuminate\\Foundation\\Http\\Middleware\\TransformsRequest-&gt;handle($request, Closure $next)
\"><span class=\"sf-dump-ellipsis sf-dump-ellipsis-note\">Illuminate\\Foundation\\Http\\Middleware</span><span class=\"sf-dump-ellipsis sf-dump-ellipsis-note\">\\</span>TransformsRequest-&gt;handle($request, Closure $next)</span> &#8230;
      &#8250; 
      &#8250; <code class=\"php\"><span class=sf-dump-const title=\"in Illuminate\\Foundation\\Http\\Middleware\\TransformsRequest-&gt;handle($request, Closure $next)\">    return $next($request);</span></code>
      &#8250; <code class=\"php\"><span class=sf-dump-default>}</span></code>
      <span class=sf-dump-meta>arguments</span>: { &#8230;1}
    </samp>}
    <span class=sf-dump-meta title=\"/Users/greelogix/Herd/dev.esnadbusiness.com/vendor/laravel/framework/src/Illuminate/Foundation/Http/Middleware/ConvertEmptyStringsToNull.php:31
Stack level 18.\"><span class=\"sf-dump-ellipsis sf-dump-ellipsis-path\">/Users/greelogix/Herd/dev.esnadbusiness.com/vendor</span><span class=\"sf-dump-ellipsis sf-dump-ellipsis-path\">/laravel/framework/</span>src/Illuminate/Foundation/Http/Middleware/ConvertEmptyStringsToNull.php:31</span> {<samp data-depth=3 class=sf-dump-compact>
      <span class=sf-dump-note title=\"Illuminate\\Foundation\\Http\\Middleware\\ConvertEmptyStringsToNull-&gt;handle($request, Closure $next)
\"><span class=\"sf-dump-ellipsis sf-dump-ellipsis-note\">Illuminate\\Foundation\\Http\\Middleware</span><span class=\"sf-dump-ellipsis sf-dump-ellipsis-note\">\\</span>ConvertEmptyStringsToNull-&gt;handle($request, Closure $next)</span> &#8230;
      &#8250; 
      &#8250; <code class=\"php\"><span class=sf-dump-const title=\"in Illuminate\\Foundation\\Http\\Middleware\\ConvertEmptyStringsToNull-&gt;handle($request, Closure $next)\">    return parent::handle($request, $next);</span></code>
      &#8250; <code class=\"php\"><span class=sf-dump-default>}</span></code>
      <span class=sf-dump-meta>arguments</span>: { &#8230;2}
    </samp>}
    <span class=sf-dump-meta title=\"/Users/greelogix/Herd/dev.esnadbusiness.com/vendor/laravel/framework/src/Illuminate/Pipeline/Pipeline.php:180
Stack level 17.\"><span class=\"sf-dump-ellipsis sf-dump-ellipsis-path\">/Users/greelogix/Herd/dev.esnadbusiness.com/vendor</span><span class=\"sf-dump-ellipsis sf-dump-ellipsis-path\">/laravel/framework/</span>src/Illuminate/Pipeline/Pipeline.php:180</span> {<samp data-depth=3 class=sf-dump-compact>
      <span class=sf-dump-note title=\"Illuminate\\Pipeline\\Pipeline-&gt;Illuminate\\Pipeline\\{closure}
\"><span class=\"sf-dump-ellipsis sf-dump-ellipsis-note\">Illuminate\\Pipeline\\Pipeline-&gt;Illuminate\\Pipeline</span><span class=\"sf-dump-ellipsis sf-dump-ellipsis-note\">\\</span>{closure}</span> &#8230;
      &#8250; <code class=\"php\"><span class=sf-dump-default>$carry = method_exists($pipe, $this-&gt;method)</span></code>
      &#8250; <code class=\"php\"><span class=sf-dump-const title=\"in Illuminate\\Pipeline\\Pipeline-&gt;Illuminate\\Pipeline\\{closure}\">                ? $pipe-&gt;{$this-&gt;method}(...$parameters)</span></code>
      &#8250; <code class=\"php\"><span class=sf-dump-default>                : $pipe(...$parameters);</span></code>
      <span class=sf-dump-meta>arguments</span>: { &#8230;2}
    </samp>}
    <span class=sf-dump-meta title=\"/Users/greelogix/Herd/dev.esnadbusiness.com/vendor/laravel/framework/src/Illuminate/Foundation/Http/Middleware/TransformsRequest.php:21
Stack level 16.\"><span class=\"sf-dump-ellipsis sf-dump-ellipsis-path\">/Users/greelogix/Herd/dev.esnadbusiness.com/vendor</span><span class=\"sf-dump-ellipsis sf-dump-ellipsis-path\">/laravel/framework/</span>src/Illuminate/Foundation/Http/Middleware/TransformsRequest.php:21</span> {<samp data-depth=3 class=sf-dump-compact>
      <span class=sf-dump-note title=\"Illuminate\\Foundation\\Http\\Middleware\\TransformsRequest-&gt;handle($request, Closure $next)
\"><span class=\"sf-dump-ellipsis sf-dump-ellipsis-note\">Illuminate\\Foundation\\Http\\Middleware</span><span class=\"sf-dump-ellipsis sf-dump-ellipsis-note\">\\</span>TransformsRequest-&gt;handle($request, Closure $next)</span> &#8230;
      &#8250; 
      &#8250; <code class=\"php\"><span class=sf-dump-const title=\"in Illuminate\\Foundation\\Http\\Middleware\\TransformsRequest-&gt;handle($request, Closure $next)\">    return $next($request);</span></code>
      &#8250; <code class=\"php\"><span class=sf-dump-default>}</span></code>
      <span class=sf-dump-meta>arguments</span>: { &#8230;1}
    </samp>}
    <span class=sf-dump-meta title=\"/Users/greelogix/Herd/dev.esnadbusiness.com/vendor/laravel/framework/src/Illuminate/Foundation/Http/Middleware/TrimStrings.php:40
Stack level 15.\"><span class=\"sf-dump-ellipsis sf-dump-ellipsis-path\">/Users/greelogix/Herd/dev.esnadbusiness.com/vendor</span><span class=\"sf-dump-ellipsis sf-dump-ellipsis-path\">/laravel/framework/</span>src/Illuminate/Foundation/Http/Middleware/TrimStrings.php:40</span> {<samp data-depth=3 class=sf-dump-compact>
      <span class=sf-dump-note title=\"Illuminate\\Foundation\\Http\\Middleware\\TrimStrings-&gt;handle($request, Closure $next)
\"><span class=\"sf-dump-ellipsis sf-dump-ellipsis-note\">Illuminate\\Foundation\\Http\\Middleware</span><span class=\"sf-dump-ellipsis sf-dump-ellipsis-note\">\\</span>TrimStrings-&gt;handle($request, Closure $next)</span> &#8230;
      &#8250; 
      &#8250; <code class=\"php\"><span class=sf-dump-const title=\"in Illuminate\\Foundation\\Http\\Middleware\\TrimStrings-&gt;handle($request, Closure $next)\">    return parent::handle($request, $next);</span></code>
      &#8250; <code class=\"php\"><span class=sf-dump-default>}</span></code>
      <span class=sf-dump-meta>arguments</span>: { &#8230;2}
    </samp>}
    <span class=sf-dump-meta title=\"/Users/greelogix/Herd/dev.esnadbusiness.com/vendor/laravel/framework/src/Illuminate/Pipeline/Pipeline.php:180
Stack level 14.\"><span class=\"sf-dump-ellipsis sf-dump-ellipsis-path\">/Users/greelogix/Herd/dev.esnadbusiness.com/vendor</span><span class=\"sf-dump-ellipsis sf-dump-ellipsis-path\">/laravel/framework/</span>src/Illuminate/Pipeline/Pipeline.php:180</span> {<samp data-depth=3 class=sf-dump-compact>
      <span class=sf-dump-note title=\"Illuminate\\Pipeline\\Pipeline-&gt;Illuminate\\Pipeline\\{closure}
\"><span class=\"sf-dump-ellipsis sf-dump-ellipsis-note\">Illuminate\\Pipeline\\Pipeline-&gt;Illuminate\\Pipeline</span><span class=\"sf-dump-ellipsis sf-dump-ellipsis-note\">\\</span>{closure}</span> &#8230;
      &#8250; <code class=\"php\"><span class=sf-dump-default>$carry = method_exists($pipe, $this-&gt;method)</span></code>
      &#8250; <code class=\"php\"><span class=sf-dump-const title=\"in Illuminate\\Pipeline\\Pipeline-&gt;Illuminate\\Pipeline\\{closure}\">                ? $pipe-&gt;{$this-&gt;method}(...$parameters)</span></code>
      &#8250; <code class=\"php\"><span class=sf-dump-default>                : $pipe(...$parameters);</span></code>
      <span class=sf-dump-meta>arguments</span>: { &#8230;2}
    </samp>}
    <span class=sf-dump-meta title=\"/Users/greelogix/Herd/dev.esnadbusiness.com/vendor/laravel/framework/src/Illuminate/Foundation/Http/Middleware/ValidatePostSize.php:27
Stack level 13.\"><span class=\"sf-dump-ellipsis sf-dump-ellipsis-path\">/Users/greelogix/Herd/dev.esnadbusiness.com/vendor</span><span class=\"sf-dump-ellipsis sf-dump-ellipsis-path\">/laravel/framework/</span>src/Illuminate/Foundation/Http/Middleware/ValidatePostSize.php:27</span> {<samp data-depth=3 class=sf-dump-compact>
      <span class=sf-dump-note title=\"Illuminate\\Foundation\\Http\\Middleware\\ValidatePostSize-&gt;handle($request, Closure $next)
\"><span class=\"sf-dump-ellipsis sf-dump-ellipsis-note\">Illuminate\\Foundation\\Http\\Middleware</span><span class=\"sf-dump-ellipsis sf-dump-ellipsis-note\">\\</span>ValidatePostSize-&gt;handle($request, Closure $next)</span> &#8230;
      &#8250; 
      &#8250; <code class=\"php\"><span class=sf-dump-const title=\"in Illuminate\\Foundation\\Http\\Middleware\\ValidatePostSize-&gt;handle($request, Closure $next)\">    return $next($request);</span></code>
      &#8250; <code class=\"php\"><span class=sf-dump-default>}</span></code>
      <span class=sf-dump-meta>arguments</span>: { &#8230;1}
    </samp>}
    <span class=sf-dump-meta title=\"/Users/greelogix/Herd/dev.esnadbusiness.com/vendor/laravel/framework/src/Illuminate/Pipeline/Pipeline.php:180
Stack level 12.\"><span class=\"sf-dump-ellipsis sf-dump-ellipsis-path\">/Users/greelogix/Herd/dev.esnadbusiness.com/vendor</span><span class=\"sf-dump-ellipsis sf-dump-ellipsis-path\">/laravel/framework/</span>src/Illuminate/Pipeline/Pipeline.php:180</span> {<samp data-depth=3 class=sf-dump-compact>
      <span class=sf-dump-note title=\"Illuminate\\Pipeline\\Pipeline-&gt;Illuminate\\Pipeline\\{closure}
\"><span class=\"sf-dump-ellipsis sf-dump-ellipsis-note\">Illuminate\\Pipeline\\Pipeline-&gt;Illuminate\\Pipeline</span><span class=\"sf-dump-ellipsis sf-dump-ellipsis-note\">\\</span>{closure}</span> &#8230;
      &#8250; <code class=\"php\"><span class=sf-dump-default>$carry = method_exists($pipe, $this-&gt;method)</span></code>
      &#8250; <code class=\"php\"><span class=sf-dump-const title=\"in Illuminate\\Pipeline\\Pipeline-&gt;Illuminate\\Pipeline\\{closure}\">                ? $pipe-&gt;{$this-&gt;method}(...$parameters)</span></code>
      &#8250; <code class=\"php\"><span class=sf-dump-default>                : $pipe(...$parameters);</span></code>
      <span class=sf-dump-meta>arguments</span>: { &#8230;2}
    </samp>}
    <span class=sf-dump-meta title=\"/Users/greelogix/Herd/dev.esnadbusiness.com/vendor/laravel/framework/src/Illuminate/Foundation/Http/Middleware/PreventRequestsDuringMaintenance.php:86
Stack level 11.\"><span class=\"sf-dump-ellipsis sf-dump-ellipsis-path\">/Users/greelogix/Herd/dev.esnadbusiness.com/vendor</span><span class=\"sf-dump-ellipsis sf-dump-ellipsis-path\">/laravel/framework/</span>src/Illuminate/Foundation/Http/Middleware/PreventRequestsDuringMaintenance.php:86</span> {<samp data-depth=3 class=sf-dump-compact>
      <span class=sf-dump-note title=\"Illuminate\\Foundation\\Http\\Middleware\\PreventRequestsDuringMaintenance-&gt;handle($request, Closure $next)
\"><span class=\"sf-dump-ellipsis sf-dump-ellipsis-note\">Illuminate\\Foundation\\Http\\Middleware</span><span class=\"sf-dump-ellipsis sf-dump-ellipsis-note\">\\</span>PreventRequestsDuringMaintenance-&gt;handle($request, Closure $next)</span> &#8230;
      &#8250; 
      &#8250; <code class=\"php\"><span class=sf-dump-const title=\"in Illuminate\\Foundation\\Http\\Middleware\\PreventRequestsDuringMaintenance-&gt;handle($request, Closure $next)\">    return $next($request);</span></code>
      &#8250; <code class=\"php\"><span class=sf-dump-default>}</span></code>
      <span class=sf-dump-meta>arguments</span>: { &#8230;1}
    </samp>}
    <span class=sf-dump-meta title=\"/Users/greelogix/Herd/dev.esnadbusiness.com/vendor/laravel/framework/src/Illuminate/Pipeline/Pipeline.php:180
Stack level 10.\"><span class=\"sf-dump-ellipsis sf-dump-ellipsis-path\">/Users/greelogix/Herd/dev.esnadbusiness.com/vendor</span><span class=\"sf-dump-ellipsis sf-dump-ellipsis-path\">/laravel/framework/</span>src/Illuminate/Pipeline/Pipeline.php:180</span> {<samp data-depth=3 class=sf-dump-compact>
      <span class=sf-dump-note title=\"Illuminate\\Pipeline\\Pipeline-&gt;Illuminate\\Pipeline\\{closure}
\"><span class=\"sf-dump-ellipsis sf-dump-ellipsis-note\">Illuminate\\Pipeline\\Pipeline-&gt;Illuminate\\Pipeline</span><span class=\"sf-dump-ellipsis sf-dump-ellipsis-note\">\\</span>{closure}</span> &#8230;
      &#8250; <code class=\"php\"><span class=sf-dump-default>$carry = method_exists($pipe, $this-&gt;method)</span></code>
      &#8250; <code class=\"php\"><span class=sf-dump-const title=\"in Illuminate\\Pipeline\\Pipeline-&gt;Illuminate\\Pipeline\\{closure}\">                ? $pipe-&gt;{$this-&gt;method}(...$parameters)</span></code>
      &#8250; <code class=\"php\"><span class=sf-dump-default>                : $pipe(...$parameters);</span></code>
      <span class=sf-dump-meta>arguments</span>: { &#8230;2}
    </samp>}
    <span class=sf-dump-meta title=\"/Users/greelogix/Herd/dev.esnadbusiness.com/vendor/laravel/framework/src/Illuminate/Http/Middleware/HandleCors.php:49
Stack level 9.\"><span class=\"sf-dump-ellipsis sf-dump-ellipsis-path\">/Users/greelogix/Herd/dev.esnadbusiness.com/vendor</span><span class=\"sf-dump-ellipsis sf-dump-ellipsis-path\">/laravel/framework/</span>src/Illuminate/Http/Middleware/HandleCors.php:49</span> {<samp data-depth=3 class=sf-dump-compact>
      <span class=sf-dump-note title=\"Illuminate\\Http\\Middleware\\HandleCors-&gt;handle($request, Closure $next)
\"><span class=\"sf-dump-ellipsis sf-dump-ellipsis-note\">Illuminate\\Http\\Middleware</span><span class=\"sf-dump-ellipsis sf-dump-ellipsis-note\">\\</span>HandleCors-&gt;handle($request, Closure $next)</span> &#8230;
      &#8250; <code class=\"php\"><span class=sf-dump-default>if (! $this-&gt;hasMatchingPath($request)) {</span></code>
      &#8250; <code class=\"php\"><span class=sf-dump-const title=\"in Illuminate\\Http\\Middleware\\HandleCors-&gt;handle($request, Closure $next)\">    return $next($request);</span></code>
      &#8250; <code class=\"php\"><span class=sf-dump-default>}</span></code>
      <span class=sf-dump-meta>arguments</span>: { &#8230;1}
    </samp>}
    <span class=sf-dump-meta title=\"/Users/greelogix/Herd/dev.esnadbusiness.com/vendor/laravel/framework/src/Illuminate/Pipeline/Pipeline.php:180
Stack level 8.\"><span class=\"sf-dump-ellipsis sf-dump-ellipsis-path\">/Users/greelogix/Herd/dev.esnadbusiness.com/vendor</span><span class=\"sf-dump-ellipsis sf-dump-ellipsis-path\">/laravel/framework/</span>src/Illuminate/Pipeline/Pipeline.php:180</span> {<samp data-depth=3 class=sf-dump-compact>
      <span class=sf-dump-note title=\"Illuminate\\Pipeline\\Pipeline-&gt;Illuminate\\Pipeline\\{closure}
\"><span class=\"sf-dump-ellipsis sf-dump-ellipsis-note\">Illuminate\\Pipeline\\Pipeline-&gt;Illuminate\\Pipeline</span><span class=\"sf-dump-ellipsis sf-dump-ellipsis-note\">\\</span>{closure}</span> &#8230;
      &#8250; <code class=\"php\"><span class=sf-dump-default>$carry = method_exists($pipe, $this-&gt;method)</span></code>
      &#8250; <code class=\"php\"><span class=sf-dump-const title=\"in Illuminate\\Pipeline\\Pipeline-&gt;Illuminate\\Pipeline\\{closure}\">                ? $pipe-&gt;{$this-&gt;method}(...$parameters)</span></code>
      &#8250; <code class=\"php\"><span class=sf-dump-default>                : $pipe(...$parameters);</span></code>
      <span class=sf-dump-meta>arguments</span>: { &#8230;2}
    </samp>}
    <span class=sf-dump-meta title=\"/Users/greelogix/Herd/dev.esnadbusiness.com/vendor/laravel/framework/src/Illuminate/Http/Middleware/TrustProxies.php:39
Stack level 7.\"><span class=\"sf-dump-ellipsis sf-dump-ellipsis-path\">/Users/greelogix/Herd/dev.esnadbusiness.com/vendor</span><span class=\"sf-dump-ellipsis sf-dump-ellipsis-path\">/laravel/framework/</span>src/Illuminate/Http/Middleware/TrustProxies.php:39</span> {<samp data-depth=3 class=sf-dump-compact>
      <span class=sf-dump-note title=\"Illuminate\\Http\\Middleware\\TrustProxies-&gt;handle(Request $request, Closure $next)
\"><span class=\"sf-dump-ellipsis sf-dump-ellipsis-note\">Illuminate\\Http\\Middleware</span><span class=\"sf-dump-ellipsis sf-dump-ellipsis-note\">\\</span>TrustProxies-&gt;handle(Request $request, Closure $next)</span> &#8230;
      &#8250; 
      &#8250; <code class=\"php\"><span class=sf-dump-const title=\"in Illuminate\\Http\\Middleware\\TrustProxies-&gt;handle(Request $request, Closure $next)\">    return $next($request);</span></code>
      &#8250; <code class=\"php\"><span class=sf-dump-default>}</span></code>
      <span class=sf-dump-meta>arguments</span>: { &#8230;1}
    </samp>}
    <span class=sf-dump-meta title=\"/Users/greelogix/Herd/dev.esnadbusiness.com/vendor/laravel/framework/src/Illuminate/Pipeline/Pipeline.php:180
Stack level 6.\"><span class=\"sf-dump-ellipsis sf-dump-ellipsis-path\">/Users/greelogix/Herd/dev.esnadbusiness.com/vendor</span><span class=\"sf-dump-ellipsis sf-dump-ellipsis-path\">/laravel/framework/</span>src/Illuminate/Pipeline/Pipeline.php:180</span> {<samp data-depth=3 class=sf-dump-compact>
      <span class=sf-dump-note title=\"Illuminate\\Pipeline\\Pipeline-&gt;Illuminate\\Pipeline\\{closure}
\"><span class=\"sf-dump-ellipsis sf-dump-ellipsis-note\">Illuminate\\Pipeline\\Pipeline-&gt;Illuminate\\Pipeline</span><span class=\"sf-dump-ellipsis sf-dump-ellipsis-note\">\\</span>{closure}</span> &#8230;
      &#8250; <code class=\"php\"><span class=sf-dump-default>$carry = method_exists($pipe, $this-&gt;method)</span></code>
      &#8250; <code class=\"php\"><span class=sf-dump-const title=\"in Illuminate\\Pipeline\\Pipeline-&gt;Illuminate\\Pipeline\\{closure}\">                ? $pipe-&gt;{$this-&gt;method}(...$parameters)</span></code>
      &#8250; <code class=\"php\"><span class=sf-dump-default>                : $pipe(...$parameters);</span></code>
      <span class=sf-dump-meta>arguments</span>: { &#8230;2}
    </samp>}
    <span class=sf-dump-meta title=\"/Users/greelogix/Herd/dev.esnadbusiness.com/vendor/laravel/framework/src/Illuminate/Pipeline/Pipeline.php:116
Stack level 5.\"><span class=\"sf-dump-ellipsis sf-dump-ellipsis-path\">/Users/greelogix/Herd/dev.esnadbusiness.com/vendor</span><span class=\"sf-dump-ellipsis sf-dump-ellipsis-path\">/laravel/framework/</span>src/Illuminate/Pipeline/Pipeline.php:116</span> {<samp data-depth=3 class=sf-dump-compact>
      <span class=sf-dump-note title=\"Illuminate\\Pipeline\\Pipeline-&gt;then(Closure $destination)
\"><span class=\"sf-dump-ellipsis sf-dump-ellipsis-note\">Illuminate\\Pipeline</span><span class=\"sf-dump-ellipsis sf-dump-ellipsis-note\">\\</span>Pipeline-&gt;then(Closure $destination)</span> &#8230;
      &#8250; 
      &#8250; <code class=\"php\"><span class=sf-dump-const title=\"in Illuminate\\Pipeline\\Pipeline-&gt;then(Closure $destination)\">    return $pipeline($this-&gt;passable);</span></code>
      &#8250; <code class=\"php\"><span class=sf-dump-default>}</span></code>
      <span class=sf-dump-meta>arguments</span>: { &#8230;1}
    </samp>}
    <span class=sf-dump-meta title=\"/Users/greelogix/Herd/dev.esnadbusiness.com/vendor/laravel/framework/src/Illuminate/Foundation/Http/Kernel.php:175
Stack level 4.\"><span class=\"sf-dump-ellipsis sf-dump-ellipsis-path\">/Users/greelogix/Herd/dev.esnadbusiness.com/vendor</span><span class=\"sf-dump-ellipsis sf-dump-ellipsis-path\">/laravel/framework/</span>src/Illuminate/Foundation/Http/Kernel.php:175</span> {<samp data-depth=3 class=sf-dump-compact>
      <span class=sf-dump-note title=\"Illuminate\\Foundation\\Http\\Kernel-&gt;sendRequestThroughRouter($request)
\"><span class=\"sf-dump-ellipsis sf-dump-ellipsis-note\">Illuminate\\Foundation\\Http</span><span class=\"sf-dump-ellipsis sf-dump-ellipsis-note\">\\</span>Kernel-&gt;sendRequestThroughRouter($request)</span> &#8230;
      &#8250; <code class=\"php\"><span class=sf-dump-default>                -&gt;through($this-&gt;app-&gt;shouldSkipMiddleware() ? [] : $this-&gt;middleware)</span></code>
      &#8250; <code class=\"php\"><span class=sf-dump-const title=\"in Illuminate\\Foundation\\Http\\Kernel-&gt;sendRequestThroughRouter($request)\">                -&gt;then($this-&gt;dispatchToRouter());</span></code>
      &#8250; <code class=\"php\"><span class=sf-dump-default>}</span></code>
      <span class=sf-dump-meta>arguments</span>: { &#8230;1}
    </samp>}
    <span class=sf-dump-meta title=\"/Users/greelogix/Herd/dev.esnadbusiness.com/vendor/laravel/framework/src/Illuminate/Foundation/Http/Kernel.php:144
Stack level 3.\"><span class=\"sf-dump-ellipsis sf-dump-ellipsis-path\">/Users/greelogix/Herd/dev.esnadbusiness.com/vendor</span><span class=\"sf-dump-ellipsis sf-dump-ellipsis-path\">/laravel/framework/</span>src/Illuminate/Foundation/Http/Kernel.php:144</span> {<samp data-depth=3 class=sf-dump-compact>
      <span class=sf-dump-note title=\"Illuminate\\Foundation\\Http\\Kernel-&gt;handle($request)
\"><span class=\"sf-dump-ellipsis sf-dump-ellipsis-note\">Illuminate\\Foundation\\Http</span><span class=\"sf-dump-ellipsis sf-dump-ellipsis-note\">\\</span>Kernel-&gt;handle($request)</span> &#8230;
      &#8250; 
      &#8250; <code class=\"php\"><span class=sf-dump-const title=\"in Illuminate\\Foundation\\Http\\Kernel-&gt;handle($request)\">    $response = $this-&gt;sendRequestThroughRouter($request);</span></code>
      &#8250; <code class=\"php\"><span class=sf-dump-default>} catch (Throwable $e) {</span></code>
      <span class=sf-dump-meta>arguments</span>: { &#8230;1}
    </samp>}
    <span class=sf-dump-meta title=\"/Users/greelogix/Herd/dev.esnadbusiness.com/public/index.php:14
Stack level 2.\"><span class=\"sf-dump-ellipsis sf-dump-ellipsis-path\">/Users/greelogix/Herd/dev.esnadbusiness.com</span><span class=\"sf-dump-ellipsis sf-dump-ellipsis-path\">/</span>public/index.php:14</span> {<samp data-depth=3 class=sf-dump-compact>
      <span class=sf-dump-note>require_once</span> &#8230;
      &#8250; 
      &#8250; <code class=\"php\"><span class=sf-dump-const title=\"in require_once\">$response = $kernel-&gt;handle(</span></code>
      &#8250; <code class=\"php\"><span class=sf-dump-default>    $request = Request::capture()</span></code>
      <span class=sf-dump-meta>arguments</span>: { &#8230;1}
    </samp>}
    <span class=sf-dump-meta title=\"/Users/greelogix/Herd/dev.esnadbusiness.com/vendor/laravel/framework/src/Illuminate/Foundation/resources/server.php:16
Stack level 1.\"><span class=\"sf-dump-ellipsis sf-dump-ellipsis-path\">/Users/greelogix/Herd/dev.esnadbusiness.com/vendor</span><span class=\"sf-dump-ellipsis sf-dump-ellipsis-path\">/laravel/framework/</span>src/Illuminate/Foundation/resources/server.php:16</span> {<samp data-depth=3 class=sf-dump-compact>
      &#8250; 
      &#8250; <code class=\"php\"><span class=sf-dump-const title=\"\">require_once $publicPath.&#039;/index.php&#039;;</span></code>
      &#8250; 
      <span class=sf-dump-meta>arguments</span>: { &#8230;1}
    </samp>}
  </samp>}
</samp>}
</pre><script>Sfdump(\"sf-dump-2096339237\", {\"maxDepth\":3,\"maxStringLength\":160})</script>
"}},"exception":"[object] (Spatie\\LaravelIgnition\\Exceptions\\ViewException(code: 0): SQLSTATE[HY000] [1045] Access denied for user 'root'@'localhost' (using password: NO) (Connection: mysql, SQL: select * from `settings_appearance` limit 1) at /Users/greelogix/Herd/dev.esnadbusiness.com/vendor/laravel/framework/src/Illuminate/Database/Connection.php:795)
[stacktrace]
#0 /Users/greelogix/Herd/dev.esnadbusiness.com/vendor/laravel/framework/src/Illuminate/Database/Connection.php(755): Illuminate\\Database\\Connection->runQueryCallback('select * from `...', Array, Object(Closure))
#1 /Users/greelogix/Herd/dev.esnadbusiness.com/vendor/laravel/framework/src/Illuminate/Database/Connection.php(407): Illuminate\\Database\\Connection->run('select * from `...', Array, Object(Closure))
#2 /Users/greelogix/Herd/dev.esnadbusiness.com/vendor/laravel/framework/src/Illuminate/Database/Query/Builder.php(2747): Illuminate\\Database\\Connection->select('select * from `...', Array, true)
#3 /Users/greelogix/Herd/dev.esnadbusiness.com/vendor/laravel/framework/src/Illuminate/Database/Query/Builder.php(2736): Illuminate\\Database\\Query\\Builder->runSelect()
#4 /Users/greelogix/Herd/dev.esnadbusiness.com/vendor/laravel/framework/src/Illuminate/Database/Query/Builder.php(3290): Illuminate\\Database\\Query\\Builder->Illuminate\\Database\\Query\\{closure}()
#5 /Users/greelogix/Herd/dev.esnadbusiness.com/vendor/laravel/framework/src/Illuminate/Database/Query/Builder.php(2735): Illuminate\\Database\\Query\\Builder->onceWithColumns(Array, Object(Closure))
#6 /Users/greelogix/Herd/dev.esnadbusiness.com/vendor/laravel/framework/src/Illuminate/Database/Eloquent/Builder.php(720): Illuminate\\Database\\Query\\Builder->get(Array)
#7 /Users/greelogix/Herd/dev.esnadbusiness.com/vendor/laravel/framework/src/Illuminate/Database/Eloquent/Builder.php(704): Illuminate\\Database\\Eloquent\\Builder->getModels(Array)
#8 /Users/greelogix/Herd/dev.esnadbusiness.com/vendor/laravel/framework/src/Illuminate/Database/Concerns/BuildsQueries.php(296): Illuminate\\Database\\Eloquent\\Builder->get(Array)
#9 /Users/greelogix/Herd/dev.esnadbusiness.com/app/Utils/Helper/helpers.php(455): Illuminate\\Database\\Eloquent\\Builder->first()
#10 /Users/greelogix/Herd/dev.esnadbusiness.com/vendor/laravel/framework/src/Illuminate/Cache/Repository.php(438): {closure}()
#11 /Users/greelogix/Herd/dev.esnadbusiness.com/vendor/laravel/framework/src/Illuminate/Cache/CacheManager.php(424): Illuminate\\Cache\\Repository->rememberForever('settings_appear...', Object(Closure))
#12 /Users/greelogix/Herd/dev.esnadbusiness.com/vendor/laravel/framework/src/Illuminate/Support/Facades/Facade.php(353): Illuminate\\Cache\\CacheManager->__call('rememberForever', Array)
#13 /Users/greelogix/Herd/dev.esnadbusiness.com/app/Utils/Helper/helpers.php(454): Illuminate\\Support\\Facades\\Facade::__callStatic('rememberForever', Array)
#14 /Users/greelogix/Herd/dev.esnadbusiness.com/resources/views/errors/404.blade.php(10): settings('appearance')
#15 /Users/greelogix/Herd/dev.esnadbusiness.com/vendor/laravel/framework/src/Illuminate/Filesystem/Filesystem.php(124): require('/Users/greelogi...')
#16 /Users/greelogix/Herd/dev.esnadbusiness.com/vendor/laravel/framework/src/Illuminate/Filesystem/Filesystem.php(125): Illuminate\\Filesystem\\Filesystem::Illuminate\\Filesystem\\{closure}()
#17 /Users/greelogix/Herd/dev.esnadbusiness.com/vendor/laravel/framework/src/Illuminate/View/Engines/PhpEngine.php(58): Illuminate\\Filesystem\\Filesystem->getRequire('/Users/greelogi...', Array)
#18 /Users/greelogix/Herd/dev.esnadbusiness.com/vendor/livewire/livewire/src/ComponentConcerns/RendersLivewireComponents.php(69): Illuminate\\View\\Engines\\PhpEngine->evaluatePath('/Users/greelogi...', Array)
#19 /Users/greelogix/Herd/dev.esnadbusiness.com/vendor/laravel/framework/src/Illuminate/View/Engines/CompilerEngine.php(72): Livewire\\LivewireViewCompilerEngine->evaluatePath('/Users/greelogi...', Array)
#20 /Users/greelogix/Herd/dev.esnadbusiness.com/vendor/livewire/livewire/src/ComponentConcerns/RendersLivewireComponents.php(35): Illuminate\\View\\Engines\\CompilerEngine->get('/Users/greelogi...', Array)
#21 /Users/greelogix/Herd/dev.esnadbusiness.com/vendor/laravel/framework/src/Illuminate/View/View.php(195): Livewire\\LivewireViewCompilerEngine->get('/Users/greelogi...', Array)
#22 /Users/greelogix/Herd/dev.esnadbusiness.com/vendor/laravel/framework/src/Illuminate/View/View.php(178): Illuminate\\View\\View->getContents()
#23 /Users/greelogix/Herd/dev.esnadbusiness.com/vendor/laravel/framework/src/Illuminate/View/View.php(147): Illuminate\\View\\View->renderContents()
#24 /Users/greelogix/Herd/dev.esnadbusiness.com/vendor/laravel/framework/src/Illuminate/Http/Response.php(69): Illuminate\\View\\View->render()
#25 /Users/greelogix/Herd/dev.esnadbusiness.com/vendor/laravel/framework/src/Illuminate/Http/Response.php(35): Illuminate\\Http\\Response->setContent(Object(Illuminate\\View\\View))
#26 /Users/greelogix/Herd/dev.esnadbusiness.com/vendor/laravel/framework/src/Illuminate/Routing/ResponseFactory.php(57): Illuminate\\Http\\Response->__construct(Object(Illuminate\\View\\View), 404, Array)
#27 /Users/greelogix/Herd/dev.esnadbusiness.com/vendor/laravel/framework/src/Illuminate/Routing/ResponseFactory.php(87): Illuminate\\Routing\\ResponseFactory->make(Object(Illuminate\\View\\View), 404, Array)
#28 /Users/greelogix/Herd/dev.esnadbusiness.com/vendor/laravel/framework/src/Illuminate/Foundation/Exceptions/Handler.php(658): Illuminate\\Routing\\ResponseFactory->view('errors::404', Array, 404, Array)
#29 /Users/greelogix/Herd/dev.esnadbusiness.com/vendor/laravel/framework/src/Illuminate/Foundation/Exceptions/Handler.php(586): Illuminate\\Foundation\\Exceptions\\Handler->renderHttpException(Object(Symfony\\Component\\HttpKernel\\Exception\\NotFoundHttpException))
#30 /Users/greelogix/Herd/dev.esnadbusiness.com/vendor/laravel/framework/src/Illuminate/Foundation/Exceptions/Handler.php(492): Illuminate\\Foundation\\Exceptions\\Handler->prepareResponse(Object(Illuminate\\Http\\Request), Object(Symfony\\Component\\HttpKernel\\Exception\\NotFoundHttpException))
#31 /Users/greelogix/Herd/dev.esnadbusiness.com/vendor/laravel/framework/src/Illuminate/Foundation/Exceptions/Handler.php(409): Illuminate\\Foundation\\Exceptions\\Handler->renderExceptionResponse(Object(Illuminate\\Http\\Request), Object(Symfony\\Component\\HttpKernel\\Exception\\NotFoundHttpException))
#32 /Users/greelogix/Herd/dev.esnadbusiness.com/vendor/laravel/framework/src/Illuminate/Routing/Pipeline.php(51): Illuminate\\Foundation\\Exceptions\\Handler->render(Object(Illuminate\\Http\\Request), Object(Symfony\\Component\\HttpKernel\\Exception\\NotFoundHttpException))
#33 /Users/greelogix/Herd/dev.esnadbusiness.com/vendor/laravel/framework/src/Illuminate/Pipeline/Pipeline.php(143): Illuminate\\Routing\\Pipeline->handleException(Object(Illuminate\\Http\\Request), Object(Symfony\\Component\\HttpKernel\\Exception\\NotFoundHttpException))
#34 /Users/greelogix/Herd/dev.esnadbusiness.com/vendor/lukeraymonddowning/honey/src/Http/Middleware/BlockSpammers.php(19): Illuminate\\Pipeline\\Pipeline->Illuminate\\Pipeline\\{closure}(Object(Illuminate\\Http\\Request))
#35 /Users/greelogix/Herd/dev.esnadbusiness.com/vendor/laravel/framework/src/Illuminate/Pipeline/Pipeline.php(180): Lukeraymonddowning\\Honey\\Http\\Middleware\\BlockSpammers->handle(Object(Illuminate\\Http\\Request), Object(Closure))
#36 /Users/greelogix/Herd/dev.esnadbusiness.com/vendor/livewire/livewire/src/DisableBrowserCache.php(19): Illuminate\\Pipeline\\Pipeline->Illuminate\\Pipeline\\{closure}(Object(Illuminate\\Http\\Request))
#37 /Users/greelogix/Herd/dev.esnadbusiness.com/vendor/laravel/framework/src/Illuminate/Pipeline/Pipeline.php(180): Livewire\\DisableBrowserCache->handle(Object(Illuminate\\Http\\Request), Object(Closure))
#38 /Users/greelogix/Herd/dev.esnadbusiness.com/vendor/barryvdh/laravel-debugbar/src/Middleware/InjectDebugbar.php(66): Illuminate\\Pipeline\\Pipeline->Illuminate\\Pipeline\\{closure}(Object(Illuminate\\Http\\Request))
#39 /Users/greelogix/Herd/dev.esnadbusiness.com/vendor/laravel/framework/src/Illuminate/Pipeline/Pipeline.php(180): Barryvdh\\Debugbar\\Middleware\\InjectDebugbar->handle(Object(Illuminate\\Http\\Request), Object(Closure))
#40 /Users/greelogix/Herd/dev.esnadbusiness.com/vendor/laravel/framework/src/Illuminate/Foundation/Http/Middleware/TransformsRequest.php(21): Illuminate\\Pipeline\\Pipeline->Illuminate\\Pipeline\\{closure}(Object(Illuminate\\Http\\Request))
#41 /Users/greelogix/Herd/dev.esnadbusiness.com/vendor/laravel/framework/src/Illuminate/Foundation/Http/Middleware/ConvertEmptyStringsToNull.php(31): Illuminate\\Foundation\\Http\\Middleware\\TransformsRequest->handle(Object(Illuminate\\Http\\Request), Object(Closure))
#42 /Users/greelogix/Herd/dev.esnadbusiness.com/vendor/laravel/framework/src/Illuminate/Pipeline/Pipeline.php(180): Illuminate\\Foundation\\Http\\Middleware\\ConvertEmptyStringsToNull->handle(Object(Illuminate\\Http\\Request), Object(Closure))
#43 /Users/greelogix/Herd/dev.esnadbusiness.com/vendor/laravel/framework/src/Illuminate/Foundation/Http/Middleware/TransformsRequest.php(21): Illuminate\\Pipeline\\Pipeline->Illuminate\\Pipeline\\{closure}(Object(Illuminate\\Http\\Request))
#44 /Users/greelogix/Herd/dev.esnadbusiness.com/vendor/laravel/framework/src/Illuminate/Foundation/Http/Middleware/TrimStrings.php(40): Illuminate\\Foundation\\Http\\Middleware\\TransformsRequest->handle(Object(Illuminate\\Http\\Request), Object(Closure))
#45 /Users/greelogix/Herd/dev.esnadbusiness.com/vendor/laravel/framework/src/Illuminate/Pipeline/Pipeline.php(180): Illuminate\\Foundation\\Http\\Middleware\\TrimStrings->handle(Object(Illuminate\\Http\\Request), Object(Closure))
#46 /Users/greelogix/Herd/dev.esnadbusiness.com/vendor/laravel/framework/src/Illuminate/Foundation/Http/Middleware/ValidatePostSize.php(27): Illuminate\\Pipeline\\Pipeline->Illuminate\\Pipeline\\{closure}(Object(Illuminate\\Http\\Request))
#47 /Users/greelogix/Herd/dev.esnadbusiness.com/vendor/laravel/framework/src/Illuminate/Pipeline/Pipeline.php(180): Illuminate\\Foundation\\Http\\Middleware\\ValidatePostSize->handle(Object(Illuminate\\Http\\Request), Object(Closure))
#48 /Users/greelogix/Herd/dev.esnadbusiness.com/vendor/laravel/framework/src/Illuminate/Foundation/Http/Middleware/PreventRequestsDuringMaintenance.php(86): Illuminate\\Pipeline\\Pipeline->Illuminate\\Pipeline\\{closure}(Object(Illuminate\\Http\\Request))
#49 /Users/greelogix/Herd/dev.esnadbusiness.com/vendor/laravel/framework/src/Illuminate/Pipeline/Pipeline.php(180): Illuminate\\Foundation\\Http\\Middleware\\PreventRequestsDuringMaintenance->handle(Object(Illuminate\\Http\\Request), Object(Closure))
#50 /Users/greelogix/Herd/dev.esnadbusiness.com/vendor/laravel/framework/src/Illuminate/Http/Middleware/HandleCors.php(49): Illuminate\\Pipeline\\Pipeline->Illuminate\\Pipeline\\{closure}(Object(Illuminate\\Http\\Request))
#51 /Users/greelogix/Herd/dev.esnadbusiness.com/vendor/laravel/framework/src/Illuminate/Pipeline/Pipeline.php(180): Illuminate\\Http\\Middleware\\HandleCors->handle(Object(Illuminate\\Http\\Request), Object(Closure))
#52 /Users/greelogix/Herd/dev.esnadbusiness.com/vendor/laravel/framework/src/Illuminate/Http/Middleware/TrustProxies.php(39): Illuminate\\Pipeline\\Pipeline->Illuminate\\Pipeline\\{closure}(Object(Illuminate\\Http\\Request))
#53 /Users/greelogix/Herd/dev.esnadbusiness.com/vendor/laravel/framework/src/Illuminate/Pipeline/Pipeline.php(180): Illuminate\\Http\\Middleware\\TrustProxies->handle(Object(Illuminate\\Http\\Request), Object(Closure))
#54 /Users/greelogix/Herd/dev.esnadbusiness.com/vendor/laravel/framework/src/Illuminate/Pipeline/Pipeline.php(116): Illuminate\\Pipeline\\Pipeline->Illuminate\\Pipeline\\{closure}(Object(Illuminate\\Http\\Request))
#55 /Users/greelogix/Herd/dev.esnadbusiness.com/vendor/laravel/framework/src/Illuminate/Foundation/Http/Kernel.php(175): Illuminate\\Pipeline\\Pipeline->then(Object(Closure))
#56 /Users/greelogix/Herd/dev.esnadbusiness.com/vendor/laravel/framework/src/Illuminate/Foundation/Http/Kernel.php(144): Illuminate\\Foundation\\Http\\Kernel->sendRequestThroughRouter(Object(Illuminate\\Http\\Request))
#57 /Users/greelogix/Herd/dev.esnadbusiness.com/public/index.php(14): Illuminate\\Foundation\\Http\\Kernel->handle(Object(Illuminate\\Http\\Request))
#58 /Users/greelogix/Herd/dev.esnadbusiness.com/vendor/laravel/framework/src/Illuminate/Foundation/resources/server.php(16): require_once('/Users/greelogi...')
#59 {main}

[previous exception] [object] (Illuminate\\Database\\QueryException(code: 1045): SQLSTATE[HY000] [1045] Access denied for user 'root'@'localhost' (using password: NO) (Connection: mysql, SQL: select * from `settings_appearance` limit 1) at /Users/greelogix/Herd/dev.esnadbusiness.com/vendor/laravel/framework/src/Illuminate/Database/Connection.php:795)
[stacktrace]
#0 /Users/greelogix/Herd/dev.esnadbusiness.com/vendor/laravel/framework/src/Illuminate/Database/Connection.php(755): Illuminate\\Database\\Connection->runQueryCallback('select * from `...', Array, Object(Closure))
#1 /Users/greelogix/Herd/dev.esnadbusiness.com/vendor/laravel/framework/src/Illuminate/Database/Connection.php(407): Illuminate\\Database\\Connection->run('select * from `...', Array, Object(Closure))
#2 /Users/greelogix/Herd/dev.esnadbusiness.com/vendor/laravel/framework/src/Illuminate/Database/Query/Builder.php(2747): Illuminate\\Database\\Connection->select('select * from `...', Array, true)
#3 /Users/greelogix/Herd/dev.esnadbusiness.com/vendor/laravel/framework/src/Illuminate/Database/Query/Builder.php(2736): Illuminate\\Database\\Query\\Builder->runSelect()
#4 /Users/greelogix/Herd/dev.esnadbusiness.com/vendor/laravel/framework/src/Illuminate/Database/Query/Builder.php(3290): Illuminate\\Database\\Query\\Builder->Illuminate\\Database\\Query\\{closure}()
#5 /Users/greelogix/Herd/dev.esnadbusiness.com/vendor/laravel/framework/src/Illuminate/Database/Query/Builder.php(2735): Illuminate\\Database\\Query\\Builder->onceWithColumns(Array, Object(Closure))
#6 /Users/greelogix/Herd/dev.esnadbusiness.com/vendor/laravel/framework/src/Illuminate/Database/Eloquent/Builder.php(720): Illuminate\\Database\\Query\\Builder->get(Array)
#7 /Users/greelogix/Herd/dev.esnadbusiness.com/vendor/laravel/framework/src/Illuminate/Database/Eloquent/Builder.php(704): Illuminate\\Database\\Eloquent\\Builder->getModels(Array)
#8 /Users/greelogix/Herd/dev.esnadbusiness.com/vendor/laravel/framework/src/Illuminate/Database/Concerns/BuildsQueries.php(296): Illuminate\\Database\\Eloquent\\Builder->get(Array)
#9 /Users/greelogix/Herd/dev.esnadbusiness.com/app/Utils/Helper/helpers.php(455): Illuminate\\Database\\Eloquent\\Builder->first()
#10 /Users/greelogix/Herd/dev.esnadbusiness.com/vendor/laravel/framework/src/Illuminate/Cache/Repository.php(438): {closure}()
#11 /Users/greelogix/Herd/dev.esnadbusiness.com/vendor/laravel/framework/src/Illuminate/Cache/CacheManager.php(424): Illuminate\\Cache\\Repository->rememberForever('settings_appear...', Object(Closure))
#12 /Users/greelogix/Herd/dev.esnadbusiness.com/vendor/laravel/framework/src/Illuminate/Support/Facades/Facade.php(353): Illuminate\\Cache\\CacheManager->__call('rememberForever', Array)
#13 /Users/greelogix/Herd/dev.esnadbusiness.com/app/Utils/Helper/helpers.php(454): Illuminate\\Support\\Facades\\Facade::__callStatic('rememberForever', Array)
#14 /Users/greelogix/Herd/dev.esnadbusiness.com/storage/framework/views/60373c1de6f502950396d894583612dc.php(10): settings('appearance')
#15 /Users/greelogix/Herd/dev.esnadbusiness.com/vendor/laravel/framework/src/Illuminate/Filesystem/Filesystem.php(124): require('/Users/greelogi...')
#16 /Users/greelogix/Herd/dev.esnadbusiness.com/vendor/laravel/framework/src/Illuminate/Filesystem/Filesystem.php(125): Illuminate\\Filesystem\\Filesystem::Illuminate\\Filesystem\\{closure}()
#17 /Users/greelogix/Herd/dev.esnadbusiness.com/vendor/laravel/framework/src/Illuminate/View/Engines/PhpEngine.php(58): Illuminate\\Filesystem\\Filesystem->getRequire('/Users/greelogi...', Array)
#18 /Users/greelogix/Herd/dev.esnadbusiness.com/vendor/livewire/livewire/src/ComponentConcerns/RendersLivewireComponents.php(69): Illuminate\\View\\Engines\\PhpEngine->evaluatePath('/Users/greelogi...', Array)
#19 /Users/greelogix/Herd/dev.esnadbusiness.com/vendor/laravel/framework/src/Illuminate/View/Engines/CompilerEngine.php(72): Livewire\\LivewireViewCompilerEngine->evaluatePath('/Users/greelogi...', Array)
#20 /Users/greelogix/Herd/dev.esnadbusiness.com/vendor/livewire/livewire/src/ComponentConcerns/RendersLivewireComponents.php(35): Illuminate\\View\\Engines\\CompilerEngine->get('/Users/greelogi...', Array)
#21 /Users/greelogix/Herd/dev.esnadbusiness.com/vendor/laravel/framework/src/Illuminate/View/View.php(195): Livewire\\LivewireViewCompilerEngine->get('/Users/greelogi...', Array)
#22 /Users/greelogix/Herd/dev.esnadbusiness.com/vendor/laravel/framework/src/Illuminate/View/View.php(178): Illuminate\\View\\View->getContents()
#23 /Users/greelogix/Herd/dev.esnadbusiness.com/vendor/laravel/framework/src/Illuminate/View/View.php(147): Illuminate\\View\\View->renderContents()
#24 /Users/greelogix/Herd/dev.esnadbusiness.com/vendor/laravel/framework/src/Illuminate/Http/Response.php(69): Illuminate\\View\\View->render()
#25 /Users/greelogix/Herd/dev.esnadbusiness.com/vendor/laravel/framework/src/Illuminate/Http/Response.php(35): Illuminate\\Http\\Response->setContent(Object(Illuminate\\View\\View))
#26 /Users/greelogix/Herd/dev.esnadbusiness.com/vendor/laravel/framework/src/Illuminate/Routing/ResponseFactory.php(57): Illuminate\\Http\\Response->__construct(Object(Illuminate\\View\\View), 404, Array)
#27 /Users/greelogix/Herd/dev.esnadbusiness.com/vendor/laravel/framework/src/Illuminate/Routing/ResponseFactory.php(87): Illuminate\\Routing\\ResponseFactory->make(Object(Illuminate\\View\\View), 404, Array)
#28 /Users/greelogix/Herd/dev.esnadbusiness.com/vendor/laravel/framework/src/Illuminate/Foundation/Exceptions/Handler.php(658): Illuminate\\Routing\\ResponseFactory->view('errors::404', Array, 404, Array)
#29 /Users/greelogix/Herd/dev.esnadbusiness.com/vendor/laravel/framework/src/Illuminate/Foundation/Exceptions/Handler.php(586): Illuminate\\Foundation\\Exceptions\\Handler->renderHttpException(Object(Symfony\\Component\\HttpKernel\\Exception\\NotFoundHttpException))
#30 /Users/greelogix/Herd/dev.esnadbusiness.com/vendor/laravel/framework/src/Illuminate/Foundation/Exceptions/Handler.php(492): Illuminate\\Foundation\\Exceptions\\Handler->prepareResponse(Object(Illuminate\\Http\\Request), Object(Symfony\\Component\\HttpKernel\\Exception\\NotFoundHttpException))
#31 /Users/greelogix/Herd/dev.esnadbusiness.com/vendor/laravel/framework/src/Illuminate/Foundation/Exceptions/Handler.php(409): Illuminate\\Foundation\\Exceptions\\Handler->renderExceptionResponse(Object(Illuminate\\Http\\Request), Object(Symfony\\Component\\HttpKernel\\Exception\\NotFoundHttpException))
#32 /Users/greelogix/Herd/dev.esnadbusiness.com/vendor/laravel/framework/src/Illuminate/Routing/Pipeline.php(51): Illuminate\\Foundation\\Exceptions\\Handler->render(Object(Illuminate\\Http\\Request), Object(Symfony\\Component\\HttpKernel\\Exception\\NotFoundHttpException))
#33 /Users/greelogix/Herd/dev.esnadbusiness.com/vendor/laravel/framework/src/Illuminate/Pipeline/Pipeline.php(143): Illuminate\\Routing\\Pipeline->handleException(Object(Illuminate\\Http\\Request), Object(Symfony\\Component\\HttpKernel\\Exception\\NotFoundHttpException))
#34 /Users/greelogix/Herd/dev.esnadbusiness.com/vendor/lukeraymonddowning/honey/src/Http/Middleware/BlockSpammers.php(19): Illuminate\\Pipeline\\Pipeline->Illuminate\\Pipeline\\{closure}(Object(Illuminate\\Http\\Request))
#35 /Users/greelogix/Herd/dev.esnadbusiness.com/vendor/laravel/framework/src/Illuminate/Pipeline/Pipeline.php(180): Lukeraymonddowning\\Honey\\Http\\Middleware\\BlockSpammers->handle(Object(Illuminate\\Http\\Request), Object(Closure))
#36 /Users/greelogix/Herd/dev.esnadbusiness.com/vendor/livewire/livewire/src/DisableBrowserCache.php(19): Illuminate\\Pipeline\\Pipeline->Illuminate\\Pipeline\\{closure}(Object(Illuminate\\Http\\Request))
#37 /Users/greelogix/Herd/dev.esnadbusiness.com/vendor/laravel/framework/src/Illuminate/Pipeline/Pipeline.php(180): Livewire\\DisableBrowserCache->handle(Object(Illuminate\\Http\\Request), Object(Closure))
#38 /Users/greelogix/Herd/dev.esnadbusiness.com/vendor/barryvdh/laravel-debugbar/src/Middleware/InjectDebugbar.php(66): Illuminate\\Pipeline\\Pipeline->Illuminate\\Pipeline\\{closure}(Object(Illuminate\\Http\\Request))
#39 /Users/greelogix/Herd/dev.esnadbusiness.com/vendor/laravel/framework/src/Illuminate/Pipeline/Pipeline.php(180): Barryvdh\\Debugbar\\Middleware\\InjectDebugbar->handle(Object(Illuminate\\Http\\Request), Object(Closure))
#40 /Users/greelogix/Herd/dev.esnadbusiness.com/vendor/laravel/framework/src/Illuminate/Foundation/Http/Middleware/TransformsRequest.php(21): Illuminate\\Pipeline\\Pipeline->Illuminate\\Pipeline\\{closure}(Object(Illuminate\\Http\\Request))
#41 /Users/greelogix/Herd/dev.esnadbusiness.com/vendor/laravel/framework/src/Illuminate/Foundation/Http/Middleware/ConvertEmptyStringsToNull.php(31): Illuminate\\Foundation\\Http\\Middleware\\TransformsRequest->handle(Object(Illuminate\\Http\\Request), Object(Closure))
#42 /Users/greelogix/Herd/dev.esnadbusiness.com/vendor/laravel/framework/src/Illuminate/Pipeline/Pipeline.php(180): Illuminate\\Foundation\\Http\\Middleware\\ConvertEmptyStringsToNull->handle(Object(Illuminate\\Http\\Request), Object(Closure))
#43 /Users/greelogix/Herd/dev.esnadbusiness.com/vendor/laravel/framework/src/Illuminate/Foundation/Http/Middleware/TransformsRequest.php(21): Illuminate\\Pipeline\\Pipeline->Illuminate\\Pipeline\\{closure}(Object(Illuminate\\Http\\Request))
#44 /Users/greelogix/Herd/dev.esnadbusiness.com/vendor/laravel/framework/src/Illuminate/Foundation/Http/Middleware/TrimStrings.php(40): Illuminate\\Foundation\\Http\\Middleware\\TransformsRequest->handle(Object(Illuminate\\Http\\Request), Object(Closure))
#45 /Users/greelogix/Herd/dev.esnadbusiness.com/vendor/laravel/framework/src/Illuminate/Pipeline/Pipeline.php(180): Illuminate\\Foundation\\Http\\Middleware\\TrimStrings->handle(Object(Illuminate\\Http\\Request), Object(Closure))
#46 /Users/greelogix/Herd/dev.esnadbusiness.com/vendor/laravel/framework/src/Illuminate/Foundation/Http/Middleware/ValidatePostSize.php(27): Illuminate\\Pipeline\\Pipeline->Illuminate\\Pipeline\\{closure}(Object(Illuminate\\Http\\Request))
#47 /Users/greelogix/Herd/dev.esnadbusiness.com/vendor/laravel/framework/src/Illuminate/Pipeline/Pipeline.php(180): Illuminate\\Foundation\\Http\\Middleware\\ValidatePostSize->handle(Object(Illuminate\\Http\\Request), Object(Closure))
#48 /Users/greelogix/Herd/dev.esnadbusiness.com/vendor/laravel/framework/src/Illuminate/Foundation/Http/Middleware/PreventRequestsDuringMaintenance.php(86): Illuminate\\Pipeline\\Pipeline->Illuminate\\Pipeline\\{closure}(Object(Illuminate\\Http\\Request))
#49 /Users/greelogix/Herd/dev.esnadbusiness.com/vendor/laravel/framework/src/Illuminate/Pipeline/Pipeline.php(180): Illuminate\\Foundation\\Http\\Middleware\\PreventRequestsDuringMaintenance->handle(Object(Illuminate\\Http\\Request), Object(Closure))
#50 /Users/greelogix/Herd/dev.esnadbusiness.com/vendor/laravel/framework/src/Illuminate/Http/Middleware/HandleCors.php(49): Illuminate\\Pipeline\\Pipeline->Illuminate\\Pipeline\\{closure}(Object(Illuminate\\Http\\Request))
#51 /Users/greelogix/Herd/dev.esnadbusiness.com/vendor/laravel/framework/src/Illuminate/Pipeline/Pipeline.php(180): Illuminate\\Http\\Middleware\\HandleCors->handle(Object(Illuminate\\Http\\Request), Object(Closure))
#52 /Users/greelogix/Herd/dev.esnadbusiness.com/vendor/laravel/framework/src/Illuminate/Http/Middleware/TrustProxies.php(39): Illuminate\\Pipeline\\Pipeline->Illuminate\\Pipeline\\{closure}(Object(Illuminate\\Http\\Request))
#53 /Users/greelogix/Herd/dev.esnadbusiness.com/vendor/laravel/framework/src/Illuminate/Pipeline/Pipeline.php(180): Illuminate\\Http\\Middleware\\TrustProxies->handle(Object(Illuminate\\Http\\Request), Object(Closure))
#54 /Users/greelogix/Herd/dev.esnadbusiness.com/vendor/laravel/framework/src/Illuminate/Pipeline/Pipeline.php(116): Illuminate\\Pipeline\\Pipeline->Illuminate\\Pipeline\\{closure}(Object(Illuminate\\Http\\Request))
#55 /Users/greelogix/Herd/dev.esnadbusiness.com/vendor/laravel/framework/src/Illuminate/Foundation/Http/Kernel.php(175): Illuminate\\Pipeline\\Pipeline->then(Object(Closure))
#56 /Users/greelogix/Herd/dev.esnadbusiness.com/vendor/laravel/framework/src/Illuminate/Foundation/Http/Kernel.php(144): Illuminate\\Foundation\\Http\\Kernel->sendRequestThroughRouter(Object(Illuminate\\Http\\Request))
#57 /Users/greelogix/Herd/dev.esnadbusiness.com/public/index.php(14): Illuminate\\Foundation\\Http\\Kernel->handle(Object(Illuminate\\Http\\Request))
#58 /Users/greelogix/Herd/dev.esnadbusiness.com/vendor/laravel/framework/src/Illuminate/Foundation/resources/server.php(16): require_once('/Users/greelogi...')
#59 {main}

[previous exception] [object] (PDOException(code: 1045): SQLSTATE[HY000] [1045] Access denied for user 'root'@'localhost' (using password: NO) at /Users/greelogix/Herd/dev.esnadbusiness.com/vendor/laravel/framework/src/Illuminate/Database/Connectors/Connector.php:65)
[stacktrace]
#0 /Users/greelogix/Herd/dev.esnadbusiness.com/vendor/laravel/framework/src/Illuminate/Database/Connectors/Connector.php(65): PDO->__construct('mysql:host=loca...', 'root', Object(SensitiveParameterValue), Array)
#1 /Users/greelogix/Herd/dev.esnadbusiness.com/vendor/laravel/framework/src/Illuminate/Database/Connectors/Connector.php(44): Illuminate\\Database\\Connectors\\Connector->createPdoConnection('mysql:host=loca...', 'root', '', Array)
#2 /Users/greelogix/Herd/dev.esnadbusiness.com/vendor/laravel/framework/src/Illuminate/Database/Connectors/MySqlConnector.php(24): Illuminate\\Database\\Connectors\\Connector->createConnection('mysql:host=loca...', Array, Array)
#3 /Users/greelogix/Herd/dev.esnadbusiness.com/vendor/laravel/framework/src/Illuminate/Database/Connectors/ConnectionFactory.php(184): Illuminate\\Database\\Connectors\\MySqlConnector->connect(Array)
#4 [internal function]: Illuminate\\Database\\Connectors\\ConnectionFactory->Illuminate\\Database\\Connectors\\{closure}()
#5 /Users/greelogix/Herd/dev.esnadbusiness.com/vendor/laravel/framework/src/Illuminate/Database/Connection.php(1275): call_user_func(Object(Closure))
#6 /Users/greelogix/Herd/dev.esnadbusiness.com/vendor/laravel/framework/src/Illuminate/Database/Connection.php(1311): Illuminate\\Database\\Connection->getPdo()
#7 /Users/greelogix/Herd/dev.esnadbusiness.com/vendor/laravel/framework/src/Illuminate/Database/Connection.php(521): Illuminate\\Database\\Connection->getReadPdo()
#8 /Users/greelogix/Herd/dev.esnadbusiness.com/vendor/laravel/framework/src/Illuminate/Database/Connection.php(416): Illuminate\\Database\\Connection->getPdoForSelect(true)
#9 /Users/greelogix/Herd/dev.esnadbusiness.com/vendor/laravel/framework/src/Illuminate/Database/Connection.php(788): Illuminate\\Database\\Connection->Illuminate\\Database\\{closure}('select * from `...', Array)
#10 /Users/greelogix/Herd/dev.esnadbusiness.com/vendor/laravel/framework/src/Illuminate/Database/Connection.php(755): Illuminate\\Database\\Connection->runQueryCallback('select * from `...', Array, Object(Closure))
#11 /Users/greelogix/Herd/dev.esnadbusiness.com/vendor/laravel/framework/src/Illuminate/Database/Connection.php(407): Illuminate\\Database\\Connection->run('select * from `...', Array, Object(Closure))
#12 /Users/greelogix/Herd/dev.esnadbusiness.com/vendor/laravel/framework/src/Illuminate/Database/Query/Builder.php(2747): Illuminate\\Database\\Connection->select('select * from `...', Array, true)
#13 /Users/greelogix/Herd/dev.esnadbusiness.com/vendor/laravel/framework/src/Illuminate/Database/Query/Builder.php(2736): Illuminate\\Database\\Query\\Builder->runSelect()
#14 /Users/greelogix/Herd/dev.esnadbusiness.com/vendor/laravel/framework/src/Illuminate/Database/Query/Builder.php(3290): Illuminate\\Database\\Query\\Builder->Illuminate\\Database\\Query\\{closure}()
#15 /Users/greelogix/Herd/dev.esnadbusiness.com/vendor/laravel/framework/src/Illuminate/Database/Query/Builder.php(2735): Illuminate\\Database\\Query\\Builder->onceWithColumns(Array, Object(Closure))
#16 /Users/greelogix/Herd/dev.esnadbusiness.com/vendor/laravel/framework/src/Illuminate/Database/Eloquent/Builder.php(720): Illuminate\\Database\\Query\\Builder->get(Array)
#17 /Users/greelogix/Herd/dev.esnadbusiness.com/vendor/laravel/framework/src/Illuminate/Database/Eloquent/Builder.php(704): Illuminate\\Database\\Eloquent\\Builder->getModels(Array)
#18 /Users/greelogix/Herd/dev.esnadbusiness.com/vendor/laravel/framework/src/Illuminate/Database/Concerns/BuildsQueries.php(296): Illuminate\\Database\\Eloquent\\Builder->get(Array)
#19 /Users/greelogix/Herd/dev.esnadbusiness.com/app/Utils/Helper/helpers.php(455): Illuminate\\Database\\Eloquent\\Builder->first()
#20 /Users/greelogix/Herd/dev.esnadbusiness.com/vendor/laravel/framework/src/Illuminate/Cache/Repository.php(438): {closure}()
#21 /Users/greelogix/Herd/dev.esnadbusiness.com/vendor/laravel/framework/src/Illuminate/Cache/CacheManager.php(424): Illuminate\\Cache\\Repository->rememberForever('settings_appear...', Object(Closure))
#22 /Users/greelogix/Herd/dev.esnadbusiness.com/vendor/laravel/framework/src/Illuminate/Support/Facades/Facade.php(353): Illuminate\\Cache\\CacheManager->__call('rememberForever', Array)
#23 /Users/greelogix/Herd/dev.esnadbusiness.com/app/Utils/Helper/helpers.php(454): Illuminate\\Support\\Facades\\Facade::__callStatic('rememberForever', Array)
#24 /Users/greelogix/Herd/dev.esnadbusiness.com/storage/framework/views/60373c1de6f502950396d894583612dc.php(10): settings('appearance')
#25 /Users/greelogix/Herd/dev.esnadbusiness.com/vendor/laravel/framework/src/Illuminate/Filesystem/Filesystem.php(124): require('/Users/greelogi...')
#26 /Users/greelogix/Herd/dev.esnadbusiness.com/vendor/laravel/framework/src/Illuminate/Filesystem/Filesystem.php(125): Illuminate\\Filesystem\\Filesystem::Illuminate\\Filesystem\\{closure}()
#27 /Users/greelogix/Herd/dev.esnadbusiness.com/vendor/laravel/framework/src/Illuminate/View/Engines/PhpEngine.php(58): Illuminate\\Filesystem\\Filesystem->getRequire('/Users/greelogi...', Array)
#28 /Users/greelogix/Herd/dev.esnadbusiness.com/vendor/livewire/livewire/src/ComponentConcerns/RendersLivewireComponents.php(69): Illuminate\\View\\Engines\\PhpEngine->evaluatePath('/Users/greelogi...', Array)
#29 /Users/greelogix/Herd/dev.esnadbusiness.com/vendor/laravel/framework/src/Illuminate/View/Engines/CompilerEngine.php(72): Livewire\\LivewireViewCompilerEngine->evaluatePath('/Users/greelogi...', Array)
#30 /Users/greelogix/Herd/dev.esnadbusiness.com/vendor/livewire/livewire/src/ComponentConcerns/RendersLivewireComponents.php(35): Illuminate\\View\\Engines\\CompilerEngine->get('/Users/greelogi...', Array)
#31 /Users/greelogix/Herd/dev.esnadbusiness.com/vendor/laravel/framework/src/Illuminate/View/View.php(195): Livewire\\LivewireViewCompilerEngine->get('/Users/greelogi...', Array)
#32 /Users/greelogix/Herd/dev.esnadbusiness.com/vendor/laravel/framework/src/Illuminate/View/View.php(178): Illuminate\\View\\View->getContents()
#33 /Users/greelogix/Herd/dev.esnadbusiness.com/vendor/laravel/framework/src/Illuminate/View/View.php(147): Illuminate\\View\\View->renderContents()
#34 /Users/greelogix/Herd/dev.esnadbusiness.com/vendor/laravel/framework/src/Illuminate/Http/Response.php(69): Illuminate\\View\\View->render()
#35 /Users/greelogix/Herd/dev.esnadbusiness.com/vendor/laravel/framework/src/Illuminate/Http/Response.php(35): Illuminate\\Http\\Response->setContent(Object(Illuminate\\View\\View))
#36 /Users/greelogix/Herd/dev.esnadbusiness.com/vendor/laravel/framework/src/Illuminate/Routing/ResponseFactory.php(57): Illuminate\\Http\\Response->__construct(Object(Illuminate\\View\\View), 404, Array)
#37 /Users/greelogix/Herd/dev.esnadbusiness.com/vendor/laravel/framework/src/Illuminate/Routing/ResponseFactory.php(87): Illuminate\\Routing\\ResponseFactory->make(Object(Illuminate\\View\\View), 404, Array)
#38 /Users/greelogix/Herd/dev.esnadbusiness.com/vendor/laravel/framework/src/Illuminate/Foundation/Exceptions/Handler.php(658): Illuminate\\Routing\\ResponseFactory->view('errors::404', Array, 404, Array)
#39 /Users/greelogix/Herd/dev.esnadbusiness.com/vendor/laravel/framework/src/Illuminate/Foundation/Exceptions/Handler.php(586): Illuminate\\Foundation\\Exceptions\\Handler->renderHttpException(Object(Symfony\\Component\\HttpKernel\\Exception\\NotFoundHttpException))
#40 /Users/greelogix/Herd/dev.esnadbusiness.com/vendor/laravel/framework/src/Illuminate/Foundation/Exceptions/Handler.php(492): Illuminate\\Foundation\\Exceptions\\Handler->prepareResponse(Object(Illuminate\\Http\\Request), Object(Symfony\\Component\\HttpKernel\\Exception\\NotFoundHttpException))
#41 /Users/greelogix/Herd/dev.esnadbusiness.com/vendor/laravel/framework/src/Illuminate/Foundation/Exceptions/Handler.php(409): Illuminate\\Foundation\\Exceptions\\Handler->renderExceptionResponse(Object(Illuminate\\Http\\Request), Object(Symfony\\Component\\HttpKernel\\Exception\\NotFoundHttpException))
#42 /Users/greelogix/Herd/dev.esnadbusiness.com/vendor/laravel/framework/src/Illuminate/Routing/Pipeline.php(51): Illuminate\\Foundation\\Exceptions\\Handler->render(Object(Illuminate\\Http\\Request), Object(Symfony\\Component\\HttpKernel\\Exception\\NotFoundHttpException))
#43 /Users/greelogix/Herd/dev.esnadbusiness.com/vendor/laravel/framework/src/Illuminate/Pipeline/Pipeline.php(143): Illuminate\\Routing\\Pipeline->handleException(Object(Illuminate\\Http\\Request), Object(Symfony\\Component\\HttpKernel\\Exception\\NotFoundHttpException))
#44 /Users/greelogix/Herd/dev.esnadbusiness.com/vendor/lukeraymonddowning/honey/src/Http/Middleware/BlockSpammers.php(19): Illuminate\\Pipeline\\Pipeline->Illuminate\\Pipeline\\{closure}(Object(Illuminate\\Http\\Request))
#45 /Users/greelogix/Herd/dev.esnadbusiness.com/vendor/laravel/framework/src/Illuminate/Pipeline/Pipeline.php(180): Lukeraymonddowning\\Honey\\Http\\Middleware\\BlockSpammers->handle(Object(Illuminate\\Http\\Request), Object(Closure))
#46 /Users/greelogix/Herd/dev.esnadbusiness.com/vendor/livewire/livewire/src/DisableBrowserCache.php(19): Illuminate\\Pipeline\\Pipeline->Illuminate\\Pipeline\\{closure}(Object(Illuminate\\Http\\Request))
#47 /Users/greelogix/Herd/dev.esnadbusiness.com/vendor/laravel/framework/src/Illuminate/Pipeline/Pipeline.php(180): Livewire\\DisableBrowserCache->handle(Object(Illuminate\\Http\\Request), Object(Closure))
#48 /Users/greelogix/Herd/dev.esnadbusiness.com/vendor/barryvdh/laravel-debugbar/src/Middleware/InjectDebugbar.php(66): Illuminate\\Pipeline\\Pipeline->Illuminate\\Pipeline\\{closure}(Object(Illuminate\\Http\\Request))
#49 /Users/greelogix/Herd/dev.esnadbusiness.com/vendor/laravel/framework/src/Illuminate/Pipeline/Pipeline.php(180): Barryvdh\\Debugbar\\Middleware\\InjectDebugbar->handle(Object(Illuminate\\Http\\Request), Object(Closure))
#50 /Users/greelogix/Herd/dev.esnadbusiness.com/vendor/laravel/framework/src/Illuminate/Foundation/Http/Middleware/TransformsRequest.php(21): Illuminate\\Pipeline\\Pipeline->Illuminate\\Pipeline\\{closure}(Object(Illuminate\\Http\\Request))
#51 /Users/greelogix/Herd/dev.esnadbusiness.com/vendor/laravel/framework/src/Illuminate/Foundation/Http/Middleware/ConvertEmptyStringsToNull.php(31): Illuminate\\Foundation\\Http\\Middleware\\TransformsRequest->handle(Object(Illuminate\\Http\\Request), Object(Closure))
#52 /Users/greelogix/Herd/dev.esnadbusiness.com/vendor/laravel/framework/src/Illuminate/Pipeline/Pipeline.php(180): Illuminate\\Foundation\\Http\\Middleware\\ConvertEmptyStringsToNull->handle(Object(Illuminate\\Http\\Request), Object(Closure))
#53 /Users/greelogix/Herd/dev.esnadbusiness.com/vendor/laravel/framework/src/Illuminate/Foundation/Http/Middleware/TransformsRequest.php(21): Illuminate\\Pipeline\\Pipeline->Illuminate\\Pipeline\\{closure}(Object(Illuminate\\Http\\Request))
#54 /Users/greelogix/Herd/dev.esnadbusiness.com/vendor/laravel/framework/src/Illuminate/Foundation/Http/Middleware/TrimStrings.php(40): Illuminate\\Foundation\\Http\\Middleware\\TransformsRequest->handle(Object(Illuminate\\Http\\Request), Object(Closure))
#55 /Users/greelogix/Herd/dev.esnadbusiness.com/vendor/laravel/framework/src/Illuminate/Pipeline/Pipeline.php(180): Illuminate\\Foundation\\Http\\Middleware\\TrimStrings->handle(Object(Illuminate\\Http\\Request), Object(Closure))
#56 /Users/greelogix/Herd/dev.esnadbusiness.com/vendor/laravel/framework/src/Illuminate/Foundation/Http/Middleware/ValidatePostSize.php(27): Illuminate\\Pipeline\\Pipeline->Illuminate\\Pipeline\\{closure}(Object(Illuminate\\Http\\Request))
#57 /Users/greelogix/Herd/dev.esnadbusiness.com/vendor/laravel/framework/src/Illuminate/Pipeline/Pipeline.php(180): Illuminate\\Foundation\\Http\\Middleware\\ValidatePostSize->handle(Object(Illuminate\\Http\\Request), Object(Closure))
#58 /Users/greelogix/Herd/dev.esnadbusiness.com/vendor/laravel/framework/src/Illuminate/Foundation/Http/Middleware/PreventRequestsDuringMaintenance.php(86): Illuminate\\Pipeline\\Pipeline->Illuminate\\Pipeline\\{closure}(Object(Illuminate\\Http\\Request))
#59 /Users/greelogix/Herd/dev.esnadbusiness.com/vendor/laravel/framework/src/Illuminate/Pipeline/Pipeline.php(180): Illuminate\\Foundation\\Http\\Middleware\\PreventRequestsDuringMaintenance->handle(Object(Illuminate\\Http\\Request), Object(Closure))
#60 /Users/greelogix/Herd/dev.esnadbusiness.com/vendor/laravel/framework/src/Illuminate/Http/Middleware/HandleCors.php(49): Illuminate\\Pipeline\\Pipeline->Illuminate\\Pipeline\\{closure}(Object(Illuminate\\Http\\Request))
#61 /Users/greelogix/Herd/dev.esnadbusiness.com/vendor/laravel/framework/src/Illuminate/Pipeline/Pipeline.php(180): Illuminate\\Http\\Middleware\\HandleCors->handle(Object(Illuminate\\Http\\Request), Object(Closure))
#62 /Users/greelogix/Herd/dev.esnadbusiness.com/vendor/laravel/framework/src/Illuminate/Http/Middleware/TrustProxies.php(39): Illuminate\\Pipeline\\Pipeline->Illuminate\\Pipeline\\{closure}(Object(Illuminate\\Http\\Request))
#63 /Users/greelogix/Herd/dev.esnadbusiness.com/vendor/laravel/framework/src/Illuminate/Pipeline/Pipeline.php(180): Illuminate\\Http\\Middleware\\TrustProxies->handle(Object(Illuminate\\Http\\Request), Object(Closure))
#64 /Users/greelogix/Herd/dev.esnadbusiness.com/vendor/laravel/framework/src/Illuminate/Pipeline/Pipeline.php(116): Illuminate\\Pipeline\\Pipeline->Illuminate\\Pipeline\\{closure}(Object(Illuminate\\Http\\Request))
#65 /Users/greelogix/Herd/dev.esnadbusiness.com/vendor/laravel/framework/src/Illuminate/Foundation/Http/Kernel.php(175): Illuminate\\Pipeline\\Pipeline->then(Object(Closure))
#66 /Users/greelogix/Herd/dev.esnadbusiness.com/vendor/laravel/framework/src/Illuminate/Foundation/Http/Kernel.php(144): Illuminate\\Foundation\\Http\\Kernel->sendRequestThroughRouter(Object(Illuminate\\Http\\Request))
#67 /Users/greelogix/Herd/dev.esnadbusiness.com/public/index.php(14): Illuminate\\Foundation\\Http\\Kernel->handle(Object(Illuminate\\Http\\Request))
#68 /Users/greelogix/Herd/dev.esnadbusiness.com/vendor/laravel/framework/src/Illuminate/Foundation/resources/server.php(16): require_once('/Users/greelogi...')
#69 {main}
"} 
[2025-05-22 08:37:51] local.ERROR: Debugbar exception: SQLSTATE[HY000] [1045] Access denied for user 'root'@'localhost' (using password: NO) (Connection: mysql, SQL: select * from `sessions` where `id` = 3Idh2vrZ1rD7eeWtehYKmkYuORXTNRRzQqBZPcKh limit 1)  
[2025-05-22 08:37:53] local.ERROR: SQLSTATE[HY000] [1045] Access denied for user 'root'@'localhost' (using password: NO) (Connection: mysql, SQL: select * from `sessions` where `id` = Da1FpXCl9v35O0RqYXOEkTlz6ZkfjhtFmHxyQYSF limit 1) {"exception":"[object] (Illuminate\\Database\\QueryException(code: 1045): SQLSTATE[HY000] [1045] Access denied for user 'root'@'localhost' (using password: NO) (Connection: mysql, SQL: select * from `sessions` where `id` = Da1FpXCl9v35O0RqYXOEkTlz6ZkfjhtFmHxyQYSF limit 1) at /Users/greelogix/Herd/dev.esnadbusiness.com/vendor/laravel/framework/src/Illuminate/Database/Connection.php:795)
[stacktrace]
#0 /Users/greelogix/Herd/dev.esnadbusiness.com/vendor/laravel/framework/src/Illuminate/Database/Connection.php(755): Illuminate\\Database\\Connection->runQueryCallback('select * from `...', Array, Object(Closure))
#1 /Users/greelogix/Herd/dev.esnadbusiness.com/vendor/laravel/framework/src/Illuminate/Database/Connection.php(407): Illuminate\\Database\\Connection->run('select * from `...', Array, Object(Closure))
#2 /Users/greelogix/Herd/dev.esnadbusiness.com/vendor/laravel/framework/src/Illuminate/Database/Query/Builder.php(2747): Illuminate\\Database\\Connection->select('select * from `...', Array, true)
#3 /Users/greelogix/Herd/dev.esnadbusiness.com/vendor/laravel/framework/src/Illuminate/Database/Query/Builder.php(2736): Illuminate\\Database\\Query\\Builder->runSelect()
#4 /Users/greelogix/Herd/dev.esnadbusiness.com/vendor/laravel/framework/src/Illuminate/Database/Query/Builder.php(3290): Illuminate\\Database\\Query\\Builder->Illuminate\\Database\\Query\\{closure}()
#5 /Users/greelogix/Herd/dev.esnadbusiness.com/vendor/laravel/framework/src/Illuminate/Database/Query/Builder.php(2735): Illuminate\\Database\\Query\\Builder->onceWithColumns(Array, Object(Closure))
#6 /Users/greelogix/Herd/dev.esnadbusiness.com/vendor/laravel/framework/src/Illuminate/Database/Concerns/BuildsQueries.php(296): Illuminate\\Database\\Query\\Builder->get(Array)
#7 /Users/greelogix/Herd/dev.esnadbusiness.com/vendor/laravel/framework/src/Illuminate/Database/Query/Builder.php(2658): Illuminate\\Database\\Query\\Builder->first(Array)
#8 /Users/greelogix/Herd/dev.esnadbusiness.com/vendor/laravel/framework/src/Illuminate/Session/DatabaseSessionHandler.php(97): Illuminate\\Database\\Query\\Builder->find('Da1FpXCl9v35O0R...')
#9 /Users/greelogix/Herd/dev.esnadbusiness.com/vendor/laravel/framework/src/Illuminate/Session/Store.php(113): Illuminate\\Session\\DatabaseSessionHandler->read('Da1FpXCl9v35O0R...')
#10 /Users/greelogix/Herd/dev.esnadbusiness.com/vendor/laravel/framework/src/Illuminate/Session/Store.php(101): Illuminate\\Session\\Store->readFromHandler()
#11 /Users/greelogix/Herd/dev.esnadbusiness.com/vendor/laravel/framework/src/Illuminate/Session/Store.php(85): Illuminate\\Session\\Store->loadSession()
#12 /Users/greelogix/Herd/dev.esnadbusiness.com/vendor/laravel/framework/src/Illuminate/Session/Middleware/StartSession.php(148): Illuminate\\Session\\Store->start()
#13 /Users/greelogix/Herd/dev.esnadbusiness.com/vendor/laravel/framework/src/Illuminate/Support/helpers.php(307): Illuminate\\Session\\Middleware\\StartSession->Illuminate\\Session\\Middleware\\{closure}(Object(Illuminate\\Session\\EncryptedStore))
#14 /Users/greelogix/Herd/dev.esnadbusiness.com/vendor/laravel/framework/src/Illuminate/Session/Middleware/StartSession.php(145): tap(Object(Illuminate\\Session\\EncryptedStore), Object(Closure))
#15 /Users/greelogix/Herd/dev.esnadbusiness.com/vendor/laravel/framework/src/Illuminate/Session/Middleware/StartSession.php(117): Illuminate\\Session\\Middleware\\StartSession->startSession(Object(Illuminate\\Http\\Request), Object(Illuminate\\Session\\EncryptedStore))
#16 /Users/greelogix/Herd/dev.esnadbusiness.com/vendor/laravel/framework/src/Illuminate/Session/Middleware/StartSession.php(65): Illuminate\\Session\\Middleware\\StartSession->handleStatefulRequest(Object(Illuminate\\Http\\Request), Object(Illuminate\\Session\\EncryptedStore), Object(Closure))
#17 /Users/greelogix/Herd/dev.esnadbusiness.com/vendor/laravel/framework/src/Illuminate/Pipeline/Pipeline.php(180): Illuminate\\Session\\Middleware\\StartSession->handle(Object(Illuminate\\Http\\Request), Object(Closure))
#18 /Users/greelogix/Herd/dev.esnadbusiness.com/vendor/laravel/framework/src/Illuminate/Cookie/Middleware/AddQueuedCookiesToResponse.php(37): Illuminate\\Pipeline\\Pipeline->Illuminate\\Pipeline\\{closure}(Object(Illuminate\\Http\\Request))
#19 /Users/greelogix/Herd/dev.esnadbusiness.com/vendor/laravel/framework/src/Illuminate/Pipeline/Pipeline.php(180): Illuminate\\Cookie\\Middleware\\AddQueuedCookiesToResponse->handle(Object(Illuminate\\Http\\Request), Object(Closure))
#20 /Users/greelogix/Herd/dev.esnadbusiness.com/vendor/laravel/framework/src/Illuminate/Cookie/Middleware/EncryptCookies.php(67): Illuminate\\Pipeline\\Pipeline->Illuminate\\Pipeline\\{closure}(Object(Illuminate\\Http\\Request))
#21 /Users/greelogix/Herd/dev.esnadbusiness.com/vendor/laravel/framework/src/Illuminate/Pipeline/Pipeline.php(180): Illuminate\\Cookie\\Middleware\\EncryptCookies->handle(Object(Illuminate\\Http\\Request), Object(Closure))
#22 /Users/greelogix/Herd/dev.esnadbusiness.com/vendor/laravel/framework/src/Illuminate/Pipeline/Pipeline.php(116): Illuminate\\Pipeline\\Pipeline->Illuminate\\Pipeline\\{closure}(Object(Illuminate\\Http\\Request))
#23 /Users/greelogix/Herd/dev.esnadbusiness.com/vendor/laravel/framework/src/Illuminate/Routing/Router.php(798): Illuminate\\Pipeline\\Pipeline->then(Object(Closure))
#24 /Users/greelogix/Herd/dev.esnadbusiness.com/vendor/laravel/framework/src/Illuminate/Routing/Router.php(777): Illuminate\\Routing\\Router->runRouteWithinStack(Object(Illuminate\\Routing\\Route), Object(Illuminate\\Http\\Request))
#25 /Users/greelogix/Herd/dev.esnadbusiness.com/vendor/laravel/framework/src/Illuminate/Routing/Router.php(741): Illuminate\\Routing\\Router->runRoute(Object(Illuminate\\Http\\Request), Object(Illuminate\\Routing\\Route))
#26 /Users/greelogix/Herd/dev.esnadbusiness.com/vendor/laravel/framework/src/Illuminate/Routing/Router.php(730): Illuminate\\Routing\\Router->dispatchToRoute(Object(Illuminate\\Http\\Request))
#27 /Users/greelogix/Herd/dev.esnadbusiness.com/vendor/laravel/framework/src/Illuminate/Foundation/Http/Kernel.php(200): Illuminate\\Routing\\Router->dispatch(Object(Illuminate\\Http\\Request))
#28 /Users/greelogix/Herd/dev.esnadbusiness.com/vendor/laravel/framework/src/Illuminate/Pipeline/Pipeline.php(141): Illuminate\\Foundation\\Http\\Kernel->Illuminate\\Foundation\\Http\\{closure}(Object(Illuminate\\Http\\Request))
#29 /Users/greelogix/Herd/dev.esnadbusiness.com/vendor/lukeraymonddowning/honey/src/Http/Middleware/BlockSpammers.php(19): Illuminate\\Pipeline\\Pipeline->Illuminate\\Pipeline\\{closure}(Object(Illuminate\\Http\\Request))
#30 /Users/greelogix/Herd/dev.esnadbusiness.com/vendor/laravel/framework/src/Illuminate/Pipeline/Pipeline.php(180): Lukeraymonddowning\\Honey\\Http\\Middleware\\BlockSpammers->handle(Object(Illuminate\\Http\\Request), Object(Closure))
#31 /Users/greelogix/Herd/dev.esnadbusiness.com/vendor/livewire/livewire/src/DisableBrowserCache.php(19): Illuminate\\Pipeline\\Pipeline->Illuminate\\Pipeline\\{closure}(Object(Illuminate\\Http\\Request))
#32 /Users/greelogix/Herd/dev.esnadbusiness.com/vendor/laravel/framework/src/Illuminate/Pipeline/Pipeline.php(180): Livewire\\DisableBrowserCache->handle(Object(Illuminate\\Http\\Request), Object(Closure))
#33 /Users/greelogix/Herd/dev.esnadbusiness.com/vendor/barryvdh/laravel-debugbar/src/Middleware/InjectDebugbar.php(66): Illuminate\\Pipeline\\Pipeline->Illuminate\\Pipeline\\{closure}(Object(Illuminate\\Http\\Request))
#34 /Users/greelogix/Herd/dev.esnadbusiness.com/vendor/laravel/framework/src/Illuminate/Pipeline/Pipeline.php(180): Barryvdh\\Debugbar\\Middleware\\InjectDebugbar->handle(Object(Illuminate\\Http\\Request), Object(Closure))
#35 /Users/greelogix/Herd/dev.esnadbusiness.com/vendor/laravel/framework/src/Illuminate/Foundation/Http/Middleware/TransformsRequest.php(21): Illuminate\\Pipeline\\Pipeline->Illuminate\\Pipeline\\{closure}(Object(Illuminate\\Http\\Request))
#36 /Users/greelogix/Herd/dev.esnadbusiness.com/vendor/laravel/framework/src/Illuminate/Foundation/Http/Middleware/ConvertEmptyStringsToNull.php(31): Illuminate\\Foundation\\Http\\Middleware\\TransformsRequest->handle(Object(Illuminate\\Http\\Request), Object(Closure))
#37 /Users/greelogix/Herd/dev.esnadbusiness.com/vendor/laravel/framework/src/Illuminate/Pipeline/Pipeline.php(180): Illuminate\\Foundation\\Http\\Middleware\\ConvertEmptyStringsToNull->handle(Object(Illuminate\\Http\\Request), Object(Closure))
#38 /Users/greelogix/Herd/dev.esnadbusiness.com/vendor/laravel/framework/src/Illuminate/Foundation/Http/Middleware/TransformsRequest.php(21): Illuminate\\Pipeline\\Pipeline->Illuminate\\Pipeline\\{closure}(Object(Illuminate\\Http\\Request))
#39 /Users/greelogix/Herd/dev.esnadbusiness.com/vendor/laravel/framework/src/Illuminate/Foundation/Http/Middleware/TrimStrings.php(40): Illuminate\\Foundation\\Http\\Middleware\\TransformsRequest->handle(Object(Illuminate\\Http\\Request), Object(Closure))
#40 /Users/greelogix/Herd/dev.esnadbusiness.com/vendor/laravel/framework/src/Illuminate/Pipeline/Pipeline.php(180): Illuminate\\Foundation\\Http\\Middleware\\TrimStrings->handle(Object(Illuminate\\Http\\Request), Object(Closure))
#41 /Users/greelogix/Herd/dev.esnadbusiness.com/vendor/laravel/framework/src/Illuminate/Foundation/Http/Middleware/ValidatePostSize.php(27): Illuminate\\Pipeline\\Pipeline->Illuminate\\Pipeline\\{closure}(Object(Illuminate\\Http\\Request))
#42 /Users/greelogix/Herd/dev.esnadbusiness.com/vendor/laravel/framework/src/Illuminate/Pipeline/Pipeline.php(180): Illuminate\\Foundation\\Http\\Middleware\\ValidatePostSize->handle(Object(Illuminate\\Http\\Request), Object(Closure))
#43 /Users/greelogix/Herd/dev.esnadbusiness.com/vendor/laravel/framework/src/Illuminate/Foundation/Http/Middleware/PreventRequestsDuringMaintenance.php(86): Illuminate\\Pipeline\\Pipeline->Illuminate\\Pipeline\\{closure}(Object(Illuminate\\Http\\Request))
#44 /Users/greelogix/Herd/dev.esnadbusiness.com/vendor/laravel/framework/src/Illuminate/Pipeline/Pipeline.php(180): Illuminate\\Foundation\\Http\\Middleware\\PreventRequestsDuringMaintenance->handle(Object(Illuminate\\Http\\Request), Object(Closure))
#45 /Users/greelogix/Herd/dev.esnadbusiness.com/vendor/laravel/framework/src/Illuminate/Http/Middleware/HandleCors.php(49): Illuminate\\Pipeline\\Pipeline->Illuminate\\Pipeline\\{closure}(Object(Illuminate\\Http\\Request))
#46 /Users/greelogix/Herd/dev.esnadbusiness.com/vendor/laravel/framework/src/Illuminate/Pipeline/Pipeline.php(180): Illuminate\\Http\\Middleware\\HandleCors->handle(Object(Illuminate\\Http\\Request), Object(Closure))
#47 /Users/greelogix/Herd/dev.esnadbusiness.com/vendor/laravel/framework/src/Illuminate/Http/Middleware/TrustProxies.php(39): Illuminate\\Pipeline\\Pipeline->Illuminate\\Pipeline\\{closure}(Object(Illuminate\\Http\\Request))
#48 /Users/greelogix/Herd/dev.esnadbusiness.com/vendor/laravel/framework/src/Illuminate/Pipeline/Pipeline.php(180): Illuminate\\Http\\Middleware\\TrustProxies->handle(Object(Illuminate\\Http\\Request), Object(Closure))
#49 /Users/greelogix/Herd/dev.esnadbusiness.com/vendor/laravel/framework/src/Illuminate/Pipeline/Pipeline.php(116): Illuminate\\Pipeline\\Pipeline->Illuminate\\Pipeline\\{closure}(Object(Illuminate\\Http\\Request))
#50 /Users/greelogix/Herd/dev.esnadbusiness.com/vendor/laravel/framework/src/Illuminate/Foundation/Http/Kernel.php(175): Illuminate\\Pipeline\\Pipeline->then(Object(Closure))
#51 /Users/greelogix/Herd/dev.esnadbusiness.com/vendor/laravel/framework/src/Illuminate/Foundation/Http/Kernel.php(144): Illuminate\\Foundation\\Http\\Kernel->sendRequestThroughRouter(Object(Illuminate\\Http\\Request))
#52 /Users/greelogix/Herd/dev.esnadbusiness.com/public/index.php(14): Illuminate\\Foundation\\Http\\Kernel->handle(Object(Illuminate\\Http\\Request))
#53 /Users/greelogix/Herd/dev.esnadbusiness.com/vendor/laravel/framework/src/Illuminate/Foundation/resources/server.php(16): require_once('/Users/greelogi...')
#54 {main}

[previous exception] [object] (PDOException(code: 1045): SQLSTATE[HY000] [1045] Access denied for user 'root'@'localhost' (using password: NO) at /Users/greelogix/Herd/dev.esnadbusiness.com/vendor/laravel/framework/src/Illuminate/Database/Connectors/Connector.php:65)
[stacktrace]
#0 /Users/greelogix/Herd/dev.esnadbusiness.com/vendor/laravel/framework/src/Illuminate/Database/Connectors/Connector.php(65): PDO->__construct('mysql:host=loca...', 'root', Object(SensitiveParameterValue), Array)
#1 /Users/greelogix/Herd/dev.esnadbusiness.com/vendor/laravel/framework/src/Illuminate/Database/Connectors/Connector.php(44): Illuminate\\Database\\Connectors\\Connector->createPdoConnection('mysql:host=loca...', 'root', '', Array)
#2 /Users/greelogix/Herd/dev.esnadbusiness.com/vendor/laravel/framework/src/Illuminate/Database/Connectors/MySqlConnector.php(24): Illuminate\\Database\\Connectors\\Connector->createConnection('mysql:host=loca...', Array, Array)
#3 /Users/greelogix/Herd/dev.esnadbusiness.com/vendor/laravel/framework/src/Illuminate/Database/Connectors/ConnectionFactory.php(184): Illuminate\\Database\\Connectors\\MySqlConnector->connect(Array)
#4 [internal function]: Illuminate\\Database\\Connectors\\ConnectionFactory->Illuminate\\Database\\Connectors\\{closure}()
#5 /Users/greelogix/Herd/dev.esnadbusiness.com/vendor/laravel/framework/src/Illuminate/Database/Connection.php(1275): call_user_func(Object(Closure))
#6 /Users/greelogix/Herd/dev.esnadbusiness.com/vendor/laravel/framework/src/Illuminate/Database/Connection.php(1311): Illuminate\\Database\\Connection->getPdo()
#7 /Users/greelogix/Herd/dev.esnadbusiness.com/vendor/laravel/framework/src/Illuminate/Database/Connection.php(521): Illuminate\\Database\\Connection->getReadPdo()
#8 /Users/greelogix/Herd/dev.esnadbusiness.com/vendor/laravel/framework/src/Illuminate/Database/Connection.php(416): Illuminate\\Database\\Connection->getPdoForSelect(true)
#9 /Users/greelogix/Herd/dev.esnadbusiness.com/vendor/laravel/framework/src/Illuminate/Database/Connection.php(788): Illuminate\\Database\\Connection->Illuminate\\Database\\{closure}('select * from `...', Array)
#10 /Users/greelogix/Herd/dev.esnadbusiness.com/vendor/laravel/framework/src/Illuminate/Database/Connection.php(755): Illuminate\\Database\\Connection->runQueryCallback('select * from `...', Array, Object(Closure))
#11 /Users/greelogix/Herd/dev.esnadbusiness.com/vendor/laravel/framework/src/Illuminate/Database/Connection.php(407): Illuminate\\Database\\Connection->run('select * from `...', Array, Object(Closure))
#12 /Users/greelogix/Herd/dev.esnadbusiness.com/vendor/laravel/framework/src/Illuminate/Database/Query/Builder.php(2747): Illuminate\\Database\\Connection->select('select * from `...', Array, true)
#13 /Users/greelogix/Herd/dev.esnadbusiness.com/vendor/laravel/framework/src/Illuminate/Database/Query/Builder.php(2736): Illuminate\\Database\\Query\\Builder->runSelect()
#14 /Users/greelogix/Herd/dev.esnadbusiness.com/vendor/laravel/framework/src/Illuminate/Database/Query/Builder.php(3290): Illuminate\\Database\\Query\\Builder->Illuminate\\Database\\Query\\{closure}()
#15 /Users/greelogix/Herd/dev.esnadbusiness.com/vendor/laravel/framework/src/Illuminate/Database/Query/Builder.php(2735): Illuminate\\Database\\Query\\Builder->onceWithColumns(Array, Object(Closure))
#16 /Users/greelogix/Herd/dev.esnadbusiness.com/vendor/laravel/framework/src/Illuminate/Database/Concerns/BuildsQueries.php(296): Illuminate\\Database\\Query\\Builder->get(Array)
#17 /Users/greelogix/Herd/dev.esnadbusiness.com/vendor/laravel/framework/src/Illuminate/Database/Query/Builder.php(2658): Illuminate\\Database\\Query\\Builder->first(Array)
#18 /Users/greelogix/Herd/dev.esnadbusiness.com/vendor/laravel/framework/src/Illuminate/Session/DatabaseSessionHandler.php(97): Illuminate\\Database\\Query\\Builder->find('Da1FpXCl9v35O0R...')
#19 /Users/greelogix/Herd/dev.esnadbusiness.com/vendor/laravel/framework/src/Illuminate/Session/Store.php(113): Illuminate\\Session\\DatabaseSessionHandler->read('Da1FpXCl9v35O0R...')
#20 /Users/greelogix/Herd/dev.esnadbusiness.com/vendor/laravel/framework/src/Illuminate/Session/Store.php(101): Illuminate\\Session\\Store->readFromHandler()
#21 /Users/greelogix/Herd/dev.esnadbusiness.com/vendor/laravel/framework/src/Illuminate/Session/Store.php(85): Illuminate\\Session\\Store->loadSession()
#22 /Users/greelogix/Herd/dev.esnadbusiness.com/vendor/laravel/framework/src/Illuminate/Session/Middleware/StartSession.php(148): Illuminate\\Session\\Store->start()
#23 /Users/greelogix/Herd/dev.esnadbusiness.com/vendor/laravel/framework/src/Illuminate/Support/helpers.php(307): Illuminate\\Session\\Middleware\\StartSession->Illuminate\\Session\\Middleware\\{closure}(Object(Illuminate\\Session\\EncryptedStore))
#24 /Users/greelogix/Herd/dev.esnadbusiness.com/vendor/laravel/framework/src/Illuminate/Session/Middleware/StartSession.php(145): tap(Object(Illuminate\\Session\\EncryptedStore), Object(Closure))
#25 /Users/greelogix/Herd/dev.esnadbusiness.com/vendor/laravel/framework/src/Illuminate/Session/Middleware/StartSession.php(117): Illuminate\\Session\\Middleware\\StartSession->startSession(Object(Illuminate\\Http\\Request), Object(Illuminate\\Session\\EncryptedStore))
#26 /Users/greelogix/Herd/dev.esnadbusiness.com/vendor/laravel/framework/src/Illuminate/Session/Middleware/StartSession.php(65): Illuminate\\Session\\Middleware\\StartSession->handleStatefulRequest(Object(Illuminate\\Http\\Request), Object(Illuminate\\Session\\EncryptedStore), Object(Closure))
#27 /Users/greelogix/Herd/dev.esnadbusiness.com/vendor/laravel/framework/src/Illuminate/Pipeline/Pipeline.php(180): Illuminate\\Session\\Middleware\\StartSession->handle(Object(Illuminate\\Http\\Request), Object(Closure))
#28 /Users/greelogix/Herd/dev.esnadbusiness.com/vendor/laravel/framework/src/Illuminate/Cookie/Middleware/AddQueuedCookiesToResponse.php(37): Illuminate\\Pipeline\\Pipeline->Illuminate\\Pipeline\\{closure}(Object(Illuminate\\Http\\Request))
#29 /Users/greelogix/Herd/dev.esnadbusiness.com/vendor/laravel/framework/src/Illuminate/Pipeline/Pipeline.php(180): Illuminate\\Cookie\\Middleware\\AddQueuedCookiesToResponse->handle(Object(Illuminate\\Http\\Request), Object(Closure))
#30 /Users/greelogix/Herd/dev.esnadbusiness.com/vendor/laravel/framework/src/Illuminate/Cookie/Middleware/EncryptCookies.php(67): Illuminate\\Pipeline\\Pipeline->Illuminate\\Pipeline\\{closure}(Object(Illuminate\\Http\\Request))
#31 /Users/greelogix/Herd/dev.esnadbusiness.com/vendor/laravel/framework/src/Illuminate/Pipeline/Pipeline.php(180): Illuminate\\Cookie\\Middleware\\EncryptCookies->handle(Object(Illuminate\\Http\\Request), Object(Closure))
#32 /Users/greelogix/Herd/dev.esnadbusiness.com/vendor/laravel/framework/src/Illuminate/Pipeline/Pipeline.php(116): Illuminate\\Pipeline\\Pipeline->Illuminate\\Pipeline\\{closure}(Object(Illuminate\\Http\\Request))
#33 /Users/greelogix/Herd/dev.esnadbusiness.com/vendor/laravel/framework/src/Illuminate/Routing/Router.php(798): Illuminate\\Pipeline\\Pipeline->then(Object(Closure))
#34 /Users/greelogix/Herd/dev.esnadbusiness.com/vendor/laravel/framework/src/Illuminate/Routing/Router.php(777): Illuminate\\Routing\\Router->runRouteWithinStack(Object(Illuminate\\Routing\\Route), Object(Illuminate\\Http\\Request))
#35 /Users/greelogix/Herd/dev.esnadbusiness.com/vendor/laravel/framework/src/Illuminate/Routing/Router.php(741): Illuminate\\Routing\\Router->runRoute(Object(Illuminate\\Http\\Request), Object(Illuminate\\Routing\\Route))
#36 /Users/greelogix/Herd/dev.esnadbusiness.com/vendor/laravel/framework/src/Illuminate/Routing/Router.php(730): Illuminate\\Routing\\Router->dispatchToRoute(Object(Illuminate\\Http\\Request))
#37 /Users/greelogix/Herd/dev.esnadbusiness.com/vendor/laravel/framework/src/Illuminate/Foundation/Http/Kernel.php(200): Illuminate\\Routing\\Router->dispatch(Object(Illuminate\\Http\\Request))
#38 /Users/greelogix/Herd/dev.esnadbusiness.com/vendor/laravel/framework/src/Illuminate/Pipeline/Pipeline.php(141): Illuminate\\Foundation\\Http\\Kernel->Illuminate\\Foundation\\Http\\{closure}(Object(Illuminate\\Http\\Request))
#39 /Users/greelogix/Herd/dev.esnadbusiness.com/vendor/lukeraymonddowning/honey/src/Http/Middleware/BlockSpammers.php(19): Illuminate\\Pipeline\\Pipeline->Illuminate\\Pipeline\\{closure}(Object(Illuminate\\Http\\Request))
#40 /Users/greelogix/Herd/dev.esnadbusiness.com/vendor/laravel/framework/src/Illuminate/Pipeline/Pipeline.php(180): Lukeraymonddowning\\Honey\\Http\\Middleware\\BlockSpammers->handle(Object(Illuminate\\Http\\Request), Object(Closure))
#41 /Users/greelogix/Herd/dev.esnadbusiness.com/vendor/livewire/livewire/src/DisableBrowserCache.php(19): Illuminate\\Pipeline\\Pipeline->Illuminate\\Pipeline\\{closure}(Object(Illuminate\\Http\\Request))
#42 /Users/greelogix/Herd/dev.esnadbusiness.com/vendor/laravel/framework/src/Illuminate/Pipeline/Pipeline.php(180): Livewire\\DisableBrowserCache->handle(Object(Illuminate\\Http\\Request), Object(Closure))
#43 /Users/greelogix/Herd/dev.esnadbusiness.com/vendor/barryvdh/laravel-debugbar/src/Middleware/InjectDebugbar.php(66): Illuminate\\Pipeline\\Pipeline->Illuminate\\Pipeline\\{closure}(Object(Illuminate\\Http\\Request))
#44 /Users/greelogix/Herd/dev.esnadbusiness.com/vendor/laravel/framework/src/Illuminate/Pipeline/Pipeline.php(180): Barryvdh\\Debugbar\\Middleware\\InjectDebugbar->handle(Object(Illuminate\\Http\\Request), Object(Closure))
#45 /Users/greelogix/Herd/dev.esnadbusiness.com/vendor/laravel/framework/src/Illuminate/Foundation/Http/Middleware/TransformsRequest.php(21): Illuminate\\Pipeline\\Pipeline->Illuminate\\Pipeline\\{closure}(Object(Illuminate\\Http\\Request))
#46 /Users/greelogix/Herd/dev.esnadbusiness.com/vendor/laravel/framework/src/Illuminate/Foundation/Http/Middleware/ConvertEmptyStringsToNull.php(31): Illuminate\\Foundation\\Http\\Middleware\\TransformsRequest->handle(Object(Illuminate\\Http\\Request), Object(Closure))
#47 /Users/greelogix/Herd/dev.esnadbusiness.com/vendor/laravel/framework/src/Illuminate/Pipeline/Pipeline.php(180): Illuminate\\Foundation\\Http\\Middleware\\ConvertEmptyStringsToNull->handle(Object(Illuminate\\Http\\Request), Object(Closure))
#48 /Users/greelogix/Herd/dev.esnadbusiness.com/vendor/laravel/framework/src/Illuminate/Foundation/Http/Middleware/TransformsRequest.php(21): Illuminate\\Pipeline\\Pipeline->Illuminate\\Pipeline\\{closure}(Object(Illuminate\\Http\\Request))
#49 /Users/greelogix/Herd/dev.esnadbusiness.com/vendor/laravel/framework/src/Illuminate/Foundation/Http/Middleware/TrimStrings.php(40): Illuminate\\Foundation\\Http\\Middleware\\TransformsRequest->handle(Object(Illuminate\\Http\\Request), Object(Closure))
#50 /Users/greelogix/Herd/dev.esnadbusiness.com/vendor/laravel/framework/src/Illuminate/Pipeline/Pipeline.php(180): Illuminate\\Foundation\\Http\\Middleware\\TrimStrings->handle(Object(Illuminate\\Http\\Request), Object(Closure))
#51 /Users/greelogix/Herd/dev.esnadbusiness.com/vendor/laravel/framework/src/Illuminate/Foundation/Http/Middleware/ValidatePostSize.php(27): Illuminate\\Pipeline\\Pipeline->Illuminate\\Pipeline\\{closure}(Object(Illuminate\\Http\\Request))
#52 /Users/greelogix/Herd/dev.esnadbusiness.com/vendor/laravel/framework/src/Illuminate/Pipeline/Pipeline.php(180): Illuminate\\Foundation\\Http\\Middleware\\ValidatePostSize->handle(Object(Illuminate\\Http\\Request), Object(Closure))
#53 /Users/greelogix/Herd/dev.esnadbusiness.com/vendor/laravel/framework/src/Illuminate/Foundation/Http/Middleware/PreventRequestsDuringMaintenance.php(86): Illuminate\\Pipeline\\Pipeline->Illuminate\\Pipeline\\{closure}(Object(Illuminate\\Http\\Request))
#54 /Users/greelogix/Herd/dev.esnadbusiness.com/vendor/laravel/framework/src/Illuminate/Pipeline/Pipeline.php(180): Illuminate\\Foundation\\Http\\Middleware\\PreventRequestsDuringMaintenance->handle(Object(Illuminate\\Http\\Request), Object(Closure))
#55 /Users/greelogix/Herd/dev.esnadbusiness.com/vendor/laravel/framework/src/Illuminate/Http/Middleware/HandleCors.php(49): Illuminate\\Pipeline\\Pipeline->Illuminate\\Pipeline\\{closure}(Object(Illuminate\\Http\\Request))
#56 /Users/greelogix/Herd/dev.esnadbusiness.com/vendor/laravel/framework/src/Illuminate/Pipeline/Pipeline.php(180): Illuminate\\Http\\Middleware\\HandleCors->handle(Object(Illuminate\\Http\\Request), Object(Closure))
#57 /Users/greelogix/Herd/dev.esnadbusiness.com/vendor/laravel/framework/src/Illuminate/Http/Middleware/TrustProxies.php(39): Illuminate\\Pipeline\\Pipeline->Illuminate\\Pipeline\\{closure}(Object(Illuminate\\Http\\Request))
#58 /Users/greelogix/Herd/dev.esnadbusiness.com/vendor/laravel/framework/src/Illuminate/Pipeline/Pipeline.php(180): Illuminate\\Http\\Middleware\\TrustProxies->handle(Object(Illuminate\\Http\\Request), Object(Closure))
#59 /Users/greelogix/Herd/dev.esnadbusiness.com/vendor/laravel/framework/src/Illuminate/Pipeline/Pipeline.php(116): Illuminate\\Pipeline\\Pipeline->Illuminate\\Pipeline\\{closure}(Object(Illuminate\\Http\\Request))
#60 /Users/greelogix/Herd/dev.esnadbusiness.com/vendor/laravel/framework/src/Illuminate/Foundation/Http/Kernel.php(175): Illuminate\\Pipeline\\Pipeline->then(Object(Closure))
#61 /Users/greelogix/Herd/dev.esnadbusiness.com/vendor/laravel/framework/src/Illuminate/Foundation/Http/Kernel.php(144): Illuminate\\Foundation\\Http\\Kernel->sendRequestThroughRouter(Object(Illuminate\\Http\\Request))
#62 /Users/greelogix/Herd/dev.esnadbusiness.com/public/index.php(14): Illuminate\\Foundation\\Http\\Kernel->handle(Object(Illuminate\\Http\\Request))
#63 /Users/greelogix/Herd/dev.esnadbusiness.com/vendor/laravel/framework/src/Illuminate/Foundation/resources/server.php(16): require_once('/Users/greelogi...')
#64 {main}
"} 
[2025-05-22 08:37:53] local.ERROR: Debugbar exception: SQLSTATE[HY000] [1045] Access denied for user 'root'@'localhost' (using password: NO) (Connection: mysql, SQL: select * from `sessions` where `id` = Da1FpXCl9v35O0RqYXOEkTlz6ZkfjhtFmHxyQYSF limit 1)  
[2025-05-22 08:37:54] local.ERROR: SQLSTATE[HY000] [1045] Access denied for user 'root'@'localhost' (using password: NO) (Connection: mysql, SQL: select * from `settings_appearance` limit 1) {"view":{"view":"/Users/greelogix/Herd/dev.esnadbusiness.com/resources/views/errors/404.blade.php","data":{"errors":"<pre class=sf-dump id=sf-dump-2011694464 data-indent-pad=\"  \"><span class=sf-dump-note>Illuminate\\Support\\ViewErrorBag</span> {<a class=sf-dump-ref>#1547</a><samp data-depth=1 class=sf-dump-expanded>
  #<span class=sf-dump-protected title=\"Protected property\">bags</span>: []
</samp>}
</pre><script>Sfdump(\"sf-dump-2011694464\", {\"maxDepth\":3,\"maxStringLength\":160})</script>
","exception":"<pre class=sf-dump id=sf-dump-292352661 data-indent-pad=\"  \"><span class=sf-dump-note>Symfony\\Component\\HttpKernel\\Exception\\NotFoundHttpException</span> {<a class=sf-dump-ref>#994</a><samp data-depth=1 class=sf-dump-expanded>
  #<span class=sf-dump-protected title=\"Protected property\">message</span>: \"<span class=sf-dump-str title=\"41 characters\">The route favicon.ico could not be found.</span>\"
  #<span class=sf-dump-protected title=\"Protected property\">code</span>: <span class=sf-dump-num>0</span>
  #<span class=sf-dump-protected title=\"Protected property\">file</span>: \"<span class=sf-dump-str title=\"/Users/greelogix/Herd/dev.esnadbusiness.com/vendor/laravel/framework/src/Illuminate/Routing/AbstractRouteCollection.php
119 characters\"><span class=\"sf-dump-ellipsis sf-dump-ellipsis-path\">/Users/greelogix/Herd/dev.esnadbusiness.com/vendor</span><span class=\"sf-dump-ellipsis sf-dump-ellipsis-path\">/laravel/framework/</span>src/Illuminate/Routing/AbstractRouteCollection.php</span>\"
  #<span class=sf-dump-protected title=\"Protected property\">line</span>: <span class=sf-dump-num>44</span>
  -<span class=sf-dump-private title=\"Private property defined in class:&#10;`Symfony\\Component\\HttpKernel\\Exception\\HttpException`\">statusCode</span>: <span class=sf-dump-num>404</span>
  -<span class=sf-dump-private title=\"Private property defined in class:&#10;`Symfony\\Component\\HttpKernel\\Exception\\HttpException`\">headers</span>: []
  <span class=sf-dump-meta>trace</span>: {<samp data-depth=2 class=sf-dump-compact>
    <span class=sf-dump-meta title=\"/Users/greelogix/Herd/dev.esnadbusiness.com/vendor/laravel/framework/src/Illuminate/Routing/AbstractRouteCollection.php:44
Stack level 32.\"><span class=\"sf-dump-ellipsis sf-dump-ellipsis-path\">/Users/greelogix/Herd/dev.esnadbusiness.com/vendor</span><span class=\"sf-dump-ellipsis sf-dump-ellipsis-path\">/laravel/framework/</span>src/Illuminate/Routing/AbstractRouteCollection.php:44</span> {<samp data-depth=3 class=sf-dump-compact>
      <span class=sf-dump-note title=\"Illuminate\\Routing\\AbstractRouteCollection-&gt;handleMatchedRoute(Request $request, $route)
\"><span class=\"sf-dump-ellipsis sf-dump-ellipsis-note\">Illuminate\\Routing</span><span class=\"sf-dump-ellipsis sf-dump-ellipsis-note\">\\</span>AbstractRouteCollection-&gt;handleMatchedRoute(Request $request, $route)</span> &#8230;
      &#8250; 
      &#8250; <code class=\"php\"><span class=sf-dump-const title=\"in Illuminate\\Routing\\AbstractRouteCollection-&gt;handleMatchedRoute(Request $request, $route)\">throw new NotFoundHttpException(sprintf(</span></code>
      &#8250; <code class=\"php\"><span class=sf-dump-default>    &#039;The route %s could not be found.&#039;,</span></code>
    </samp>}
    <span class=sf-dump-meta title=\"/Users/greelogix/Herd/dev.esnadbusiness.com/vendor/laravel/framework/src/Illuminate/Routing/RouteCollection.php:162
Stack level 31.\"><span class=\"sf-dump-ellipsis sf-dump-ellipsis-path\">/Users/greelogix/Herd/dev.esnadbusiness.com/vendor</span><span class=\"sf-dump-ellipsis sf-dump-ellipsis-path\">/laravel/framework/</span>src/Illuminate/Routing/RouteCollection.php:162</span> {<samp data-depth=3 class=sf-dump-compact>
      <span class=sf-dump-note title=\"Illuminate\\Routing\\RouteCollection-&gt;match(Request $request)
\"><span class=\"sf-dump-ellipsis sf-dump-ellipsis-note\">Illuminate\\Routing</span><span class=\"sf-dump-ellipsis sf-dump-ellipsis-note\">\\</span>RouteCollection-&gt;match(Request $request)</span> &#8230;
      &#8250; 
      &#8250; <code class=\"php\"><span class=sf-dump-const title=\"in Illuminate\\Routing\\RouteCollection-&gt;match(Request $request)\">    return $this-&gt;handleMatchedRoute($request, $route);</span></code>
      &#8250; <code class=\"php\"><span class=sf-dump-default>}</span></code>
      <span class=sf-dump-meta>arguments</span>: { &#8230;2}
    </samp>}
    <span class=sf-dump-meta title=\"/Users/greelogix/Herd/dev.esnadbusiness.com/vendor/laravel/framework/src/Illuminate/Routing/Router.php:754
Stack level 30.\"><span class=\"sf-dump-ellipsis sf-dump-ellipsis-path\">/Users/greelogix/Herd/dev.esnadbusiness.com/vendor</span><span class=\"sf-dump-ellipsis sf-dump-ellipsis-path\">/laravel/framework/</span>src/Illuminate/Routing/Router.php:754</span> {<samp data-depth=3 class=sf-dump-compact>
      <span class=sf-dump-note title=\"Illuminate\\Routing\\Router-&gt;findRoute($request)
\"><span class=\"sf-dump-ellipsis sf-dump-ellipsis-note\">Illuminate\\Routing</span><span class=\"sf-dump-ellipsis sf-dump-ellipsis-note\">\\</span>Router-&gt;findRoute($request)</span> &#8230;
      &#8250; 
      &#8250; <code class=\"php\"><span class=sf-dump-const title=\"in Illuminate\\Routing\\Router-&gt;findRoute($request)\">$this-&gt;current = $route = $this-&gt;routes-&gt;match($request);</span></code>
      &#8250; 
      <span class=sf-dump-meta>arguments</span>: { &#8230;1}
    </samp>}
    <span class=sf-dump-meta title=\"/Users/greelogix/Herd/dev.esnadbusiness.com/vendor/laravel/framework/src/Illuminate/Routing/Router.php:741
Stack level 29.\"><span class=\"sf-dump-ellipsis sf-dump-ellipsis-path\">/Users/greelogix/Herd/dev.esnadbusiness.com/vendor</span><span class=\"sf-dump-ellipsis sf-dump-ellipsis-path\">/laravel/framework/</span>src/Illuminate/Routing/Router.php:741</span> {<samp data-depth=3 class=sf-dump-compact>
      <span class=sf-dump-note title=\"Illuminate\\Routing\\Router-&gt;dispatchToRoute(Request $request)
\"><span class=\"sf-dump-ellipsis sf-dump-ellipsis-note\">Illuminate\\Routing</span><span class=\"sf-dump-ellipsis sf-dump-ellipsis-note\">\\</span>Router-&gt;dispatchToRoute(Request $request)</span> &#8230;
      &#8250; <code class=\"php\"><span class=sf-dump-default>{</span></code>
      &#8250; <code class=\"php\"><span class=sf-dump-const title=\"in Illuminate\\Routing\\Router-&gt;dispatchToRoute(Request $request)\">    return $this-&gt;runRoute($request, $this-&gt;findRoute($request));</span></code>
      &#8250; <code class=\"php\"><span class=sf-dump-default>}</span></code>
      <span class=sf-dump-meta>arguments</span>: { &#8230;1}
    </samp>}
    <span class=sf-dump-meta title=\"/Users/greelogix/Herd/dev.esnadbusiness.com/vendor/laravel/framework/src/Illuminate/Routing/Router.php:730
Stack level 28.\"><span class=\"sf-dump-ellipsis sf-dump-ellipsis-path\">/Users/greelogix/Herd/dev.esnadbusiness.com/vendor</span><span class=\"sf-dump-ellipsis sf-dump-ellipsis-path\">/laravel/framework/</span>src/Illuminate/Routing/Router.php:730</span> {<samp data-depth=3 class=sf-dump-compact>
      <span class=sf-dump-note title=\"Illuminate\\Routing\\Router-&gt;dispatch(Request $request)
\"><span class=\"sf-dump-ellipsis sf-dump-ellipsis-note\">Illuminate\\Routing</span><span class=\"sf-dump-ellipsis sf-dump-ellipsis-note\">\\</span>Router-&gt;dispatch(Request $request)</span> &#8230;
      &#8250; 
      &#8250; <code class=\"php\"><span class=sf-dump-const title=\"in Illuminate\\Routing\\Router-&gt;dispatch(Request $request)\">    return $this-&gt;dispatchToRoute($request);</span></code>
      &#8250; <code class=\"php\"><span class=sf-dump-default>}</span></code>
      <span class=sf-dump-meta>arguments</span>: { &#8230;1}
    </samp>}
    <span class=sf-dump-meta title=\"/Users/greelogix/Herd/dev.esnadbusiness.com/vendor/laravel/framework/src/Illuminate/Foundation/Http/Kernel.php:200
Stack level 27.\"><span class=\"sf-dump-ellipsis sf-dump-ellipsis-path\">/Users/greelogix/Herd/dev.esnadbusiness.com/vendor</span><span class=\"sf-dump-ellipsis sf-dump-ellipsis-path\">/laravel/framework/</span>src/Illuminate/Foundation/Http/Kernel.php:200</span> {<samp data-depth=3 class=sf-dump-compact>
      <span class=sf-dump-note title=\"Illuminate\\Foundation\\Http\\Kernel-&gt;Illuminate\\Foundation\\Http\\{closure}
\"><span class=\"sf-dump-ellipsis sf-dump-ellipsis-note\">Illuminate\\Foundation\\Http\\Kernel-&gt;Illuminate\\Foundation\\Http</span><span class=\"sf-dump-ellipsis sf-dump-ellipsis-note\">\\</span>{closure}</span> &#8230;
      &#8250; 
      &#8250; <code class=\"php\"><span class=sf-dump-const title=\"in Illuminate\\Foundation\\Http\\Kernel-&gt;Illuminate\\Foundation\\Http\\{closure}\">    return $this-&gt;router-&gt;dispatch($request);</span></code>
      &#8250; <code class=\"php\"><span class=sf-dump-default>};</span></code>
      <span class=sf-dump-meta>arguments</span>: { &#8230;1}
    </samp>}
    <span class=sf-dump-meta title=\"/Users/greelogix/Herd/dev.esnadbusiness.com/vendor/laravel/framework/src/Illuminate/Pipeline/Pipeline.php:141
Stack level 26.\"><span class=\"sf-dump-ellipsis sf-dump-ellipsis-path\">/Users/greelogix/Herd/dev.esnadbusiness.com/vendor</span><span class=\"sf-dump-ellipsis sf-dump-ellipsis-path\">/laravel/framework/</span>src/Illuminate/Pipeline/Pipeline.php:141</span> {<samp data-depth=3 class=sf-dump-compact>
      <span class=sf-dump-note title=\"Illuminate\\Pipeline\\Pipeline-&gt;Illuminate\\Pipeline\\{closure}
\"><span class=\"sf-dump-ellipsis sf-dump-ellipsis-note\">Illuminate\\Pipeline\\Pipeline-&gt;Illuminate\\Pipeline</span><span class=\"sf-dump-ellipsis sf-dump-ellipsis-note\">\\</span>{closure}</span> &#8230;
      &#8250; <code class=\"php\"><span class=sf-dump-default>try {</span></code>
      &#8250; <code class=\"php\"><span class=sf-dump-const title=\"in Illuminate\\Pipeline\\Pipeline-&gt;Illuminate\\Pipeline\\{closure}\">    return $destination($passable);</span></code>
      &#8250; <code class=\"php\"><span class=sf-dump-default>} catch (Throwable $e) {</span></code>
      <span class=sf-dump-meta>arguments</span>: { &#8230;1}
    </samp>}
    <span class=sf-dump-meta title=\"/Users/greelogix/Herd/dev.esnadbusiness.com/vendor/lukeraymonddowning/honey/src/Http/Middleware/BlockSpammers.php:19
Stack level 25.\"><span class=\"sf-dump-ellipsis sf-dump-ellipsis-path\">/Users/greelogix/Herd/dev.esnadbusiness.com/vendor</span><span class=\"sf-dump-ellipsis sf-dump-ellipsis-path\">/lukeraymonddowning/honey/</span>src/Http/Middleware/BlockSpammers.php:19</span> {<samp data-depth=3 class=sf-dump-compact>
      <span class=sf-dump-note title=\"Lukeraymonddowning\\Honey\\Http\\Middleware\\BlockSpammers-&gt;handle(Request $request, callable $next)
\"><span class=\"sf-dump-ellipsis sf-dump-ellipsis-note\">Lukeraymonddowning\\Honey\\Http\\Middleware</span><span class=\"sf-dump-ellipsis sf-dump-ellipsis-note\">\\</span>BlockSpammers-&gt;handle(Request $request, callable $next)</span> &#8230;
      &#8250; 
      &#8250; <code class=\"php\"><span class=sf-dump-const title=\"in Lukeraymonddowning\\Honey\\Http\\Middleware\\BlockSpammers-&gt;handle(Request $request, callable $next)\">    return $next($request);</span></code>
      &#8250; <code class=\"php\"><span class=sf-dump-default>}</span></code>
      <span class=sf-dump-meta>arguments</span>: { &#8230;1}
    </samp>}
    <span class=sf-dump-meta title=\"/Users/greelogix/Herd/dev.esnadbusiness.com/vendor/laravel/framework/src/Illuminate/Pipeline/Pipeline.php:180
Stack level 24.\"><span class=\"sf-dump-ellipsis sf-dump-ellipsis-path\">/Users/greelogix/Herd/dev.esnadbusiness.com/vendor</span><span class=\"sf-dump-ellipsis sf-dump-ellipsis-path\">/laravel/framework/</span>src/Illuminate/Pipeline/Pipeline.php:180</span> {<samp data-depth=3 class=sf-dump-compact>
      <span class=sf-dump-note title=\"Illuminate\\Pipeline\\Pipeline-&gt;Illuminate\\Pipeline\\{closure}
\"><span class=\"sf-dump-ellipsis sf-dump-ellipsis-note\">Illuminate\\Pipeline\\Pipeline-&gt;Illuminate\\Pipeline</span><span class=\"sf-dump-ellipsis sf-dump-ellipsis-note\">\\</span>{closure}</span> &#8230;
      &#8250; <code class=\"php\"><span class=sf-dump-default>$carry = method_exists($pipe, $this-&gt;method)</span></code>
      &#8250; <code class=\"php\"><span class=sf-dump-const title=\"in Illuminate\\Pipeline\\Pipeline-&gt;Illuminate\\Pipeline\\{closure}\">                ? $pipe-&gt;{$this-&gt;method}(...$parameters)</span></code>
      &#8250; <code class=\"php\"><span class=sf-dump-default>                : $pipe(...$parameters);</span></code>
      <span class=sf-dump-meta>arguments</span>: { &#8230;2}
    </samp>}
    <span class=sf-dump-meta title=\"/Users/greelogix/Herd/dev.esnadbusiness.com/vendor/livewire/livewire/src/DisableBrowserCache.php:19
Stack level 23.\"><span class=\"sf-dump-ellipsis sf-dump-ellipsis-path\">/Users/greelogix/Herd/dev.esnadbusiness.com/vendor</span><span class=\"sf-dump-ellipsis sf-dump-ellipsis-path\">/livewire/livewire/</span>src/DisableBrowserCache.php:19</span> {<samp data-depth=3 class=sf-dump-compact>
      <span class=sf-dump-note title=\"Livewire\\DisableBrowserCache-&gt;handle($request, Closure $next)
\"><span class=\"sf-dump-ellipsis sf-dump-ellipsis-note\">Livewire</span><span class=\"sf-dump-ellipsis sf-dump-ellipsis-note\">\\</span>DisableBrowserCache-&gt;handle($request, Closure $next)</span> &#8230;
      &#8250; <code class=\"php\"><span class=sf-dump-default>{</span></code>
      &#8250; <code class=\"php\"><span class=sf-dump-const title=\"in Livewire\\DisableBrowserCache-&gt;handle($request, Closure $next)\">    $response = $next($request);</span></code>
      &#8250; 
      <span class=sf-dump-meta>arguments</span>: { &#8230;1}
    </samp>}
    <span class=sf-dump-meta title=\"/Users/greelogix/Herd/dev.esnadbusiness.com/vendor/laravel/framework/src/Illuminate/Pipeline/Pipeline.php:180
Stack level 22.\"><span class=\"sf-dump-ellipsis sf-dump-ellipsis-path\">/Users/greelogix/Herd/dev.esnadbusiness.com/vendor</span><span class=\"sf-dump-ellipsis sf-dump-ellipsis-path\">/laravel/framework/</span>src/Illuminate/Pipeline/Pipeline.php:180</span> {<samp data-depth=3 class=sf-dump-compact>
      <span class=sf-dump-note title=\"Illuminate\\Pipeline\\Pipeline-&gt;Illuminate\\Pipeline\\{closure}
\"><span class=\"sf-dump-ellipsis sf-dump-ellipsis-note\">Illuminate\\Pipeline\\Pipeline-&gt;Illuminate\\Pipeline</span><span class=\"sf-dump-ellipsis sf-dump-ellipsis-note\">\\</span>{closure}</span> &#8230;
      &#8250; <code class=\"php\"><span class=sf-dump-default>$carry = method_exists($pipe, $this-&gt;method)</span></code>
      &#8250; <code class=\"php\"><span class=sf-dump-const title=\"in Illuminate\\Pipeline\\Pipeline-&gt;Illuminate\\Pipeline\\{closure}\">                ? $pipe-&gt;{$this-&gt;method}(...$parameters)</span></code>
      &#8250; <code class=\"php\"><span class=sf-dump-default>                : $pipe(...$parameters);</span></code>
      <span class=sf-dump-meta>arguments</span>: { &#8230;2}
    </samp>}
    <span class=sf-dump-meta title=\"/Users/greelogix/Herd/dev.esnadbusiness.com/vendor/barryvdh/laravel-debugbar/src/Middleware/InjectDebugbar.php:66
Stack level 21.\"><span class=\"sf-dump-ellipsis sf-dump-ellipsis-path\">/Users/greelogix/Herd/dev.esnadbusiness.com/vendor</span><span class=\"sf-dump-ellipsis sf-dump-ellipsis-path\">/barryvdh/laravel-debugbar/</span>src/Middleware/InjectDebugbar.php:66</span> {<samp data-depth=3 class=sf-dump-compact>
      <span class=sf-dump-note title=\"Barryvdh\\Debugbar\\Middleware\\InjectDebugbar-&gt;handle($request, Closure $next)
\"><span class=\"sf-dump-ellipsis sf-dump-ellipsis-note\">Barryvdh\\Debugbar\\Middleware</span><span class=\"sf-dump-ellipsis sf-dump-ellipsis-note\">\\</span>InjectDebugbar-&gt;handle($request, Closure $next)</span> &#8230;
      &#8250; <code class=\"php\"><span class=sf-dump-default>    /** @var \\Illuminate\\Http\\Response $response */</span></code>
      &#8250; <code class=\"php\"><span class=sf-dump-const title=\"in Barryvdh\\Debugbar\\Middleware\\InjectDebugbar-&gt;handle($request, Closure $next)\">    $response = $next($request);</span></code>
      &#8250; <code class=\"php\"><span class=sf-dump-default>} catch (Throwable $e) {</span></code>
      <span class=sf-dump-meta>arguments</span>: { &#8230;1}
    </samp>}
    <span class=sf-dump-meta title=\"/Users/greelogix/Herd/dev.esnadbusiness.com/vendor/laravel/framework/src/Illuminate/Pipeline/Pipeline.php:180
Stack level 20.\"><span class=\"sf-dump-ellipsis sf-dump-ellipsis-path\">/Users/greelogix/Herd/dev.esnadbusiness.com/vendor</span><span class=\"sf-dump-ellipsis sf-dump-ellipsis-path\">/laravel/framework/</span>src/Illuminate/Pipeline/Pipeline.php:180</span> {<samp data-depth=3 class=sf-dump-compact>
      <span class=sf-dump-note title=\"Illuminate\\Pipeline\\Pipeline-&gt;Illuminate\\Pipeline\\{closure}
\"><span class=\"sf-dump-ellipsis sf-dump-ellipsis-note\">Illuminate\\Pipeline\\Pipeline-&gt;Illuminate\\Pipeline</span><span class=\"sf-dump-ellipsis sf-dump-ellipsis-note\">\\</span>{closure}</span> &#8230;
      &#8250; <code class=\"php\"><span class=sf-dump-default>$carry = method_exists($pipe, $this-&gt;method)</span></code>
      &#8250; <code class=\"php\"><span class=sf-dump-const title=\"in Illuminate\\Pipeline\\Pipeline-&gt;Illuminate\\Pipeline\\{closure}\">                ? $pipe-&gt;{$this-&gt;method}(...$parameters)</span></code>
      &#8250; <code class=\"php\"><span class=sf-dump-default>                : $pipe(...$parameters);</span></code>
      <span class=sf-dump-meta>arguments</span>: { &#8230;2}
    </samp>}
    <span class=sf-dump-meta title=\"/Users/greelogix/Herd/dev.esnadbusiness.com/vendor/laravel/framework/src/Illuminate/Foundation/Http/Middleware/TransformsRequest.php:21
Stack level 19.\"><span class=\"sf-dump-ellipsis sf-dump-ellipsis-path\">/Users/greelogix/Herd/dev.esnadbusiness.com/vendor</span><span class=\"sf-dump-ellipsis sf-dump-ellipsis-path\">/laravel/framework/</span>src/Illuminate/Foundation/Http/Middleware/TransformsRequest.php:21</span> {<samp data-depth=3 class=sf-dump-compact>
      <span class=sf-dump-note title=\"Illuminate\\Foundation\\Http\\Middleware\\TransformsRequest-&gt;handle($request, Closure $next)
\"><span class=\"sf-dump-ellipsis sf-dump-ellipsis-note\">Illuminate\\Foundation\\Http\\Middleware</span><span class=\"sf-dump-ellipsis sf-dump-ellipsis-note\">\\</span>TransformsRequest-&gt;handle($request, Closure $next)</span> &#8230;
      &#8250; 
      &#8250; <code class=\"php\"><span class=sf-dump-const title=\"in Illuminate\\Foundation\\Http\\Middleware\\TransformsRequest-&gt;handle($request, Closure $next)\">    return $next($request);</span></code>
      &#8250; <code class=\"php\"><span class=sf-dump-default>}</span></code>
      <span class=sf-dump-meta>arguments</span>: { &#8230;1}
    </samp>}
    <span class=sf-dump-meta title=\"/Users/greelogix/Herd/dev.esnadbusiness.com/vendor/laravel/framework/src/Illuminate/Foundation/Http/Middleware/ConvertEmptyStringsToNull.php:31
Stack level 18.\"><span class=\"sf-dump-ellipsis sf-dump-ellipsis-path\">/Users/greelogix/Herd/dev.esnadbusiness.com/vendor</span><span class=\"sf-dump-ellipsis sf-dump-ellipsis-path\">/laravel/framework/</span>src/Illuminate/Foundation/Http/Middleware/ConvertEmptyStringsToNull.php:31</span> {<samp data-depth=3 class=sf-dump-compact>
      <span class=sf-dump-note title=\"Illuminate\\Foundation\\Http\\Middleware\\ConvertEmptyStringsToNull-&gt;handle($request, Closure $next)
\"><span class=\"sf-dump-ellipsis sf-dump-ellipsis-note\">Illuminate\\Foundation\\Http\\Middleware</span><span class=\"sf-dump-ellipsis sf-dump-ellipsis-note\">\\</span>ConvertEmptyStringsToNull-&gt;handle($request, Closure $next)</span> &#8230;
      &#8250; 
      &#8250; <code class=\"php\"><span class=sf-dump-const title=\"in Illuminate\\Foundation\\Http\\Middleware\\ConvertEmptyStringsToNull-&gt;handle($request, Closure $next)\">    return parent::handle($request, $next);</span></code>
      &#8250; <code class=\"php\"><span class=sf-dump-default>}</span></code>
      <span class=sf-dump-meta>arguments</span>: { &#8230;2}
    </samp>}
    <span class=sf-dump-meta title=\"/Users/greelogix/Herd/dev.esnadbusiness.com/vendor/laravel/framework/src/Illuminate/Pipeline/Pipeline.php:180
Stack level 17.\"><span class=\"sf-dump-ellipsis sf-dump-ellipsis-path\">/Users/greelogix/Herd/dev.esnadbusiness.com/vendor</span><span class=\"sf-dump-ellipsis sf-dump-ellipsis-path\">/laravel/framework/</span>src/Illuminate/Pipeline/Pipeline.php:180</span> {<samp data-depth=3 class=sf-dump-compact>
      <span class=sf-dump-note title=\"Illuminate\\Pipeline\\Pipeline-&gt;Illuminate\\Pipeline\\{closure}
\"><span class=\"sf-dump-ellipsis sf-dump-ellipsis-note\">Illuminate\\Pipeline\\Pipeline-&gt;Illuminate\\Pipeline</span><span class=\"sf-dump-ellipsis sf-dump-ellipsis-note\">\\</span>{closure}</span> &#8230;
      &#8250; <code class=\"php\"><span class=sf-dump-default>$carry = method_exists($pipe, $this-&gt;method)</span></code>
      &#8250; <code class=\"php\"><span class=sf-dump-const title=\"in Illuminate\\Pipeline\\Pipeline-&gt;Illuminate\\Pipeline\\{closure}\">                ? $pipe-&gt;{$this-&gt;method}(...$parameters)</span></code>
      &#8250; <code class=\"php\"><span class=sf-dump-default>                : $pipe(...$parameters);</span></code>
      <span class=sf-dump-meta>arguments</span>: { &#8230;2}
    </samp>}
    <span class=sf-dump-meta title=\"/Users/greelogix/Herd/dev.esnadbusiness.com/vendor/laravel/framework/src/Illuminate/Foundation/Http/Middleware/TransformsRequest.php:21
Stack level 16.\"><span class=\"sf-dump-ellipsis sf-dump-ellipsis-path\">/Users/greelogix/Herd/dev.esnadbusiness.com/vendor</span><span class=\"sf-dump-ellipsis sf-dump-ellipsis-path\">/laravel/framework/</span>src/Illuminate/Foundation/Http/Middleware/TransformsRequest.php:21</span> {<samp data-depth=3 class=sf-dump-compact>
      <span class=sf-dump-note title=\"Illuminate\\Foundation\\Http\\Middleware\\TransformsRequest-&gt;handle($request, Closure $next)
\"><span class=\"sf-dump-ellipsis sf-dump-ellipsis-note\">Illuminate\\Foundation\\Http\\Middleware</span><span class=\"sf-dump-ellipsis sf-dump-ellipsis-note\">\\</span>TransformsRequest-&gt;handle($request, Closure $next)</span> &#8230;
      &#8250; 
      &#8250; <code class=\"php\"><span class=sf-dump-const title=\"in Illuminate\\Foundation\\Http\\Middleware\\TransformsRequest-&gt;handle($request, Closure $next)\">    return $next($request);</span></code>
      &#8250; <code class=\"php\"><span class=sf-dump-default>}</span></code>
      <span class=sf-dump-meta>arguments</span>: { &#8230;1}
    </samp>}
    <span class=sf-dump-meta title=\"/Users/greelogix/Herd/dev.esnadbusiness.com/vendor/laravel/framework/src/Illuminate/Foundation/Http/Middleware/TrimStrings.php:40
Stack level 15.\"><span class=\"sf-dump-ellipsis sf-dump-ellipsis-path\">/Users/greelogix/Herd/dev.esnadbusiness.com/vendor</span><span class=\"sf-dump-ellipsis sf-dump-ellipsis-path\">/laravel/framework/</span>src/Illuminate/Foundation/Http/Middleware/TrimStrings.php:40</span> {<samp data-depth=3 class=sf-dump-compact>
      <span class=sf-dump-note title=\"Illuminate\\Foundation\\Http\\Middleware\\TrimStrings-&gt;handle($request, Closure $next)
\"><span class=\"sf-dump-ellipsis sf-dump-ellipsis-note\">Illuminate\\Foundation\\Http\\Middleware</span><span class=\"sf-dump-ellipsis sf-dump-ellipsis-note\">\\</span>TrimStrings-&gt;handle($request, Closure $next)</span> &#8230;
      &#8250; 
      &#8250; <code class=\"php\"><span class=sf-dump-const title=\"in Illuminate\\Foundation\\Http\\Middleware\\TrimStrings-&gt;handle($request, Closure $next)\">    return parent::handle($request, $next);</span></code>
      &#8250; <code class=\"php\"><span class=sf-dump-default>}</span></code>
      <span class=sf-dump-meta>arguments</span>: { &#8230;2}
    </samp>}
    <span class=sf-dump-meta title=\"/Users/greelogix/Herd/dev.esnadbusiness.com/vendor/laravel/framework/src/Illuminate/Pipeline/Pipeline.php:180
Stack level 14.\"><span class=\"sf-dump-ellipsis sf-dump-ellipsis-path\">/Users/greelogix/Herd/dev.esnadbusiness.com/vendor</span><span class=\"sf-dump-ellipsis sf-dump-ellipsis-path\">/laravel/framework/</span>src/Illuminate/Pipeline/Pipeline.php:180</span> {<samp data-depth=3 class=sf-dump-compact>
      <span class=sf-dump-note title=\"Illuminate\\Pipeline\\Pipeline-&gt;Illuminate\\Pipeline\\{closure}
\"><span class=\"sf-dump-ellipsis sf-dump-ellipsis-note\">Illuminate\\Pipeline\\Pipeline-&gt;Illuminate\\Pipeline</span><span class=\"sf-dump-ellipsis sf-dump-ellipsis-note\">\\</span>{closure}</span> &#8230;
      &#8250; <code class=\"php\"><span class=sf-dump-default>$carry = method_exists($pipe, $this-&gt;method)</span></code>
      &#8250; <code class=\"php\"><span class=sf-dump-const title=\"in Illuminate\\Pipeline\\Pipeline-&gt;Illuminate\\Pipeline\\{closure}\">                ? $pipe-&gt;{$this-&gt;method}(...$parameters)</span></code>
      &#8250; <code class=\"php\"><span class=sf-dump-default>                : $pipe(...$parameters);</span></code>
      <span class=sf-dump-meta>arguments</span>: { &#8230;2}
    </samp>}
    <span class=sf-dump-meta title=\"/Users/greelogix/Herd/dev.esnadbusiness.com/vendor/laravel/framework/src/Illuminate/Foundation/Http/Middleware/ValidatePostSize.php:27
Stack level 13.\"><span class=\"sf-dump-ellipsis sf-dump-ellipsis-path\">/Users/greelogix/Herd/dev.esnadbusiness.com/vendor</span><span class=\"sf-dump-ellipsis sf-dump-ellipsis-path\">/laravel/framework/</span>src/Illuminate/Foundation/Http/Middleware/ValidatePostSize.php:27</span> {<samp data-depth=3 class=sf-dump-compact>
      <span class=sf-dump-note title=\"Illuminate\\Foundation\\Http\\Middleware\\ValidatePostSize-&gt;handle($request, Closure $next)
\"><span class=\"sf-dump-ellipsis sf-dump-ellipsis-note\">Illuminate\\Foundation\\Http\\Middleware</span><span class=\"sf-dump-ellipsis sf-dump-ellipsis-note\">\\</span>ValidatePostSize-&gt;handle($request, Closure $next)</span> &#8230;
      &#8250; 
      &#8250; <code class=\"php\"><span class=sf-dump-const title=\"in Illuminate\\Foundation\\Http\\Middleware\\ValidatePostSize-&gt;handle($request, Closure $next)\">    return $next($request);</span></code>
      &#8250; <code class=\"php\"><span class=sf-dump-default>}</span></code>
      <span class=sf-dump-meta>arguments</span>: { &#8230;1}
    </samp>}
    <span class=sf-dump-meta title=\"/Users/greelogix/Herd/dev.esnadbusiness.com/vendor/laravel/framework/src/Illuminate/Pipeline/Pipeline.php:180
Stack level 12.\"><span class=\"sf-dump-ellipsis sf-dump-ellipsis-path\">/Users/greelogix/Herd/dev.esnadbusiness.com/vendor</span><span class=\"sf-dump-ellipsis sf-dump-ellipsis-path\">/laravel/framework/</span>src/Illuminate/Pipeline/Pipeline.php:180</span> {<samp data-depth=3 class=sf-dump-compact>
      <span class=sf-dump-note title=\"Illuminate\\Pipeline\\Pipeline-&gt;Illuminate\\Pipeline\\{closure}
\"><span class=\"sf-dump-ellipsis sf-dump-ellipsis-note\">Illuminate\\Pipeline\\Pipeline-&gt;Illuminate\\Pipeline</span><span class=\"sf-dump-ellipsis sf-dump-ellipsis-note\">\\</span>{closure}</span> &#8230;
      &#8250; <code class=\"php\"><span class=sf-dump-default>$carry = method_exists($pipe, $this-&gt;method)</span></code>
      &#8250; <code class=\"php\"><span class=sf-dump-const title=\"in Illuminate\\Pipeline\\Pipeline-&gt;Illuminate\\Pipeline\\{closure}\">                ? $pipe-&gt;{$this-&gt;method}(...$parameters)</span></code>
      &#8250; <code class=\"php\"><span class=sf-dump-default>                : $pipe(...$parameters);</span></code>
      <span class=sf-dump-meta>arguments</span>: { &#8230;2}
    </samp>}
    <span class=sf-dump-meta title=\"/Users/greelogix/Herd/dev.esnadbusiness.com/vendor/laravel/framework/src/Illuminate/Foundation/Http/Middleware/PreventRequestsDuringMaintenance.php:86
Stack level 11.\"><span class=\"sf-dump-ellipsis sf-dump-ellipsis-path\">/Users/greelogix/Herd/dev.esnadbusiness.com/vendor</span><span class=\"sf-dump-ellipsis sf-dump-ellipsis-path\">/laravel/framework/</span>src/Illuminate/Foundation/Http/Middleware/PreventRequestsDuringMaintenance.php:86</span> {<samp data-depth=3 class=sf-dump-compact>
      <span class=sf-dump-note title=\"Illuminate\\Foundation\\Http\\Middleware\\PreventRequestsDuringMaintenance-&gt;handle($request, Closure $next)
\"><span class=\"sf-dump-ellipsis sf-dump-ellipsis-note\">Illuminate\\Foundation\\Http\\Middleware</span><span class=\"sf-dump-ellipsis sf-dump-ellipsis-note\">\\</span>PreventRequestsDuringMaintenance-&gt;handle($request, Closure $next)</span> &#8230;
      &#8250; 
      &#8250; <code class=\"php\"><span class=sf-dump-const title=\"in Illuminate\\Foundation\\Http\\Middleware\\PreventRequestsDuringMaintenance-&gt;handle($request, Closure $next)\">    return $next($request);</span></code>
      &#8250; <code class=\"php\"><span class=sf-dump-default>}</span></code>
      <span class=sf-dump-meta>arguments</span>: { &#8230;1}
    </samp>}
    <span class=sf-dump-meta title=\"/Users/greelogix/Herd/dev.esnadbusiness.com/vendor/laravel/framework/src/Illuminate/Pipeline/Pipeline.php:180
Stack level 10.\"><span class=\"sf-dump-ellipsis sf-dump-ellipsis-path\">/Users/greelogix/Herd/dev.esnadbusiness.com/vendor</span><span class=\"sf-dump-ellipsis sf-dump-ellipsis-path\">/laravel/framework/</span>src/Illuminate/Pipeline/Pipeline.php:180</span> {<samp data-depth=3 class=sf-dump-compact>
      <span class=sf-dump-note title=\"Illuminate\\Pipeline\\Pipeline-&gt;Illuminate\\Pipeline\\{closure}
\"><span class=\"sf-dump-ellipsis sf-dump-ellipsis-note\">Illuminate\\Pipeline\\Pipeline-&gt;Illuminate\\Pipeline</span><span class=\"sf-dump-ellipsis sf-dump-ellipsis-note\">\\</span>{closure}</span> &#8230;
      &#8250; <code class=\"php\"><span class=sf-dump-default>$carry = method_exists($pipe, $this-&gt;method)</span></code>
      &#8250; <code class=\"php\"><span class=sf-dump-const title=\"in Illuminate\\Pipeline\\Pipeline-&gt;Illuminate\\Pipeline\\{closure}\">                ? $pipe-&gt;{$this-&gt;method}(...$parameters)</span></code>
      &#8250; <code class=\"php\"><span class=sf-dump-default>                : $pipe(...$parameters);</span></code>
      <span class=sf-dump-meta>arguments</span>: { &#8230;2}
    </samp>}
    <span class=sf-dump-meta title=\"/Users/greelogix/Herd/dev.esnadbusiness.com/vendor/laravel/framework/src/Illuminate/Http/Middleware/HandleCors.php:49
Stack level 9.\"><span class=\"sf-dump-ellipsis sf-dump-ellipsis-path\">/Users/greelogix/Herd/dev.esnadbusiness.com/vendor</span><span class=\"sf-dump-ellipsis sf-dump-ellipsis-path\">/laravel/framework/</span>src/Illuminate/Http/Middleware/HandleCors.php:49</span> {<samp data-depth=3 class=sf-dump-compact>
      <span class=sf-dump-note title=\"Illuminate\\Http\\Middleware\\HandleCors-&gt;handle($request, Closure $next)
\"><span class=\"sf-dump-ellipsis sf-dump-ellipsis-note\">Illuminate\\Http\\Middleware</span><span class=\"sf-dump-ellipsis sf-dump-ellipsis-note\">\\</span>HandleCors-&gt;handle($request, Closure $next)</span> &#8230;
      &#8250; <code class=\"php\"><span class=sf-dump-default>if (! $this-&gt;hasMatchingPath($request)) {</span></code>
      &#8250; <code class=\"php\"><span class=sf-dump-const title=\"in Illuminate\\Http\\Middleware\\HandleCors-&gt;handle($request, Closure $next)\">    return $next($request);</span></code>
      &#8250; <code class=\"php\"><span class=sf-dump-default>}</span></code>
      <span class=sf-dump-meta>arguments</span>: { &#8230;1}
    </samp>}
    <span class=sf-dump-meta title=\"/Users/greelogix/Herd/dev.esnadbusiness.com/vendor/laravel/framework/src/Illuminate/Pipeline/Pipeline.php:180
Stack level 8.\"><span class=\"sf-dump-ellipsis sf-dump-ellipsis-path\">/Users/greelogix/Herd/dev.esnadbusiness.com/vendor</span><span class=\"sf-dump-ellipsis sf-dump-ellipsis-path\">/laravel/framework/</span>src/Illuminate/Pipeline/Pipeline.php:180</span> {<samp data-depth=3 class=sf-dump-compact>
      <span class=sf-dump-note title=\"Illuminate\\Pipeline\\Pipeline-&gt;Illuminate\\Pipeline\\{closure}
\"><span class=\"sf-dump-ellipsis sf-dump-ellipsis-note\">Illuminate\\Pipeline\\Pipeline-&gt;Illuminate\\Pipeline</span><span class=\"sf-dump-ellipsis sf-dump-ellipsis-note\">\\</span>{closure}</span> &#8230;
      &#8250; <code class=\"php\"><span class=sf-dump-default>$carry = method_exists($pipe, $this-&gt;method)</span></code>
      &#8250; <code class=\"php\"><span class=sf-dump-const title=\"in Illuminate\\Pipeline\\Pipeline-&gt;Illuminate\\Pipeline\\{closure}\">                ? $pipe-&gt;{$this-&gt;method}(...$parameters)</span></code>
      &#8250; <code class=\"php\"><span class=sf-dump-default>                : $pipe(...$parameters);</span></code>
      <span class=sf-dump-meta>arguments</span>: { &#8230;2}
    </samp>}
    <span class=sf-dump-meta title=\"/Users/greelogix/Herd/dev.esnadbusiness.com/vendor/laravel/framework/src/Illuminate/Http/Middleware/TrustProxies.php:39
Stack level 7.\"><span class=\"sf-dump-ellipsis sf-dump-ellipsis-path\">/Users/greelogix/Herd/dev.esnadbusiness.com/vendor</span><span class=\"sf-dump-ellipsis sf-dump-ellipsis-path\">/laravel/framework/</span>src/Illuminate/Http/Middleware/TrustProxies.php:39</span> {<samp data-depth=3 class=sf-dump-compact>
      <span class=sf-dump-note title=\"Illuminate\\Http\\Middleware\\TrustProxies-&gt;handle(Request $request, Closure $next)
\"><span class=\"sf-dump-ellipsis sf-dump-ellipsis-note\">Illuminate\\Http\\Middleware</span><span class=\"sf-dump-ellipsis sf-dump-ellipsis-note\">\\</span>TrustProxies-&gt;handle(Request $request, Closure $next)</span> &#8230;
      &#8250; 
      &#8250; <code class=\"php\"><span class=sf-dump-const title=\"in Illuminate\\Http\\Middleware\\TrustProxies-&gt;handle(Request $request, Closure $next)\">    return $next($request);</span></code>
      &#8250; <code class=\"php\"><span class=sf-dump-default>}</span></code>
      <span class=sf-dump-meta>arguments</span>: { &#8230;1}
    </samp>}
    <span class=sf-dump-meta title=\"/Users/greelogix/Herd/dev.esnadbusiness.com/vendor/laravel/framework/src/Illuminate/Pipeline/Pipeline.php:180
Stack level 6.\"><span class=\"sf-dump-ellipsis sf-dump-ellipsis-path\">/Users/greelogix/Herd/dev.esnadbusiness.com/vendor</span><span class=\"sf-dump-ellipsis sf-dump-ellipsis-path\">/laravel/framework/</span>src/Illuminate/Pipeline/Pipeline.php:180</span> {<samp data-depth=3 class=sf-dump-compact>
      <span class=sf-dump-note title=\"Illuminate\\Pipeline\\Pipeline-&gt;Illuminate\\Pipeline\\{closure}
\"><span class=\"sf-dump-ellipsis sf-dump-ellipsis-note\">Illuminate\\Pipeline\\Pipeline-&gt;Illuminate\\Pipeline</span><span class=\"sf-dump-ellipsis sf-dump-ellipsis-note\">\\</span>{closure}</span> &#8230;
      &#8250; <code class=\"php\"><span class=sf-dump-default>$carry = method_exists($pipe, $this-&gt;method)</span></code>
      &#8250; <code class=\"php\"><span class=sf-dump-const title=\"in Illuminate\\Pipeline\\Pipeline-&gt;Illuminate\\Pipeline\\{closure}\">                ? $pipe-&gt;{$this-&gt;method}(...$parameters)</span></code>
      &#8250; <code class=\"php\"><span class=sf-dump-default>                : $pipe(...$parameters);</span></code>
      <span class=sf-dump-meta>arguments</span>: { &#8230;2}
    </samp>}
    <span class=sf-dump-meta title=\"/Users/greelogix/Herd/dev.esnadbusiness.com/vendor/laravel/framework/src/Illuminate/Pipeline/Pipeline.php:116
Stack level 5.\"><span class=\"sf-dump-ellipsis sf-dump-ellipsis-path\">/Users/greelogix/Herd/dev.esnadbusiness.com/vendor</span><span class=\"sf-dump-ellipsis sf-dump-ellipsis-path\">/laravel/framework/</span>src/Illuminate/Pipeline/Pipeline.php:116</span> {<samp data-depth=3 class=sf-dump-compact>
      <span class=sf-dump-note title=\"Illuminate\\Pipeline\\Pipeline-&gt;then(Closure $destination)
\"><span class=\"sf-dump-ellipsis sf-dump-ellipsis-note\">Illuminate\\Pipeline</span><span class=\"sf-dump-ellipsis sf-dump-ellipsis-note\">\\</span>Pipeline-&gt;then(Closure $destination)</span> &#8230;
      &#8250; 
      &#8250; <code class=\"php\"><span class=sf-dump-const title=\"in Illuminate\\Pipeline\\Pipeline-&gt;then(Closure $destination)\">    return $pipeline($this-&gt;passable);</span></code>
      &#8250; <code class=\"php\"><span class=sf-dump-default>}</span></code>
      <span class=sf-dump-meta>arguments</span>: { &#8230;1}
    </samp>}
    <span class=sf-dump-meta title=\"/Users/greelogix/Herd/dev.esnadbusiness.com/vendor/laravel/framework/src/Illuminate/Foundation/Http/Kernel.php:175
Stack level 4.\"><span class=\"sf-dump-ellipsis sf-dump-ellipsis-path\">/Users/greelogix/Herd/dev.esnadbusiness.com/vendor</span><span class=\"sf-dump-ellipsis sf-dump-ellipsis-path\">/laravel/framework/</span>src/Illuminate/Foundation/Http/Kernel.php:175</span> {<samp data-depth=3 class=sf-dump-compact>
      <span class=sf-dump-note title=\"Illuminate\\Foundation\\Http\\Kernel-&gt;sendRequestThroughRouter($request)
\"><span class=\"sf-dump-ellipsis sf-dump-ellipsis-note\">Illuminate\\Foundation\\Http</span><span class=\"sf-dump-ellipsis sf-dump-ellipsis-note\">\\</span>Kernel-&gt;sendRequestThroughRouter($request)</span> &#8230;
      &#8250; <code class=\"php\"><span class=sf-dump-default>                -&gt;through($this-&gt;app-&gt;shouldSkipMiddleware() ? [] : $this-&gt;middleware)</span></code>
      &#8250; <code class=\"php\"><span class=sf-dump-const title=\"in Illuminate\\Foundation\\Http\\Kernel-&gt;sendRequestThroughRouter($request)\">                -&gt;then($this-&gt;dispatchToRouter());</span></code>
      &#8250; <code class=\"php\"><span class=sf-dump-default>}</span></code>
      <span class=sf-dump-meta>arguments</span>: { &#8230;1}
    </samp>}
    <span class=sf-dump-meta title=\"/Users/greelogix/Herd/dev.esnadbusiness.com/vendor/laravel/framework/src/Illuminate/Foundation/Http/Kernel.php:144
Stack level 3.\"><span class=\"sf-dump-ellipsis sf-dump-ellipsis-path\">/Users/greelogix/Herd/dev.esnadbusiness.com/vendor</span><span class=\"sf-dump-ellipsis sf-dump-ellipsis-path\">/laravel/framework/</span>src/Illuminate/Foundation/Http/Kernel.php:144</span> {<samp data-depth=3 class=sf-dump-compact>
      <span class=sf-dump-note title=\"Illuminate\\Foundation\\Http\\Kernel-&gt;handle($request)
\"><span class=\"sf-dump-ellipsis sf-dump-ellipsis-note\">Illuminate\\Foundation\\Http</span><span class=\"sf-dump-ellipsis sf-dump-ellipsis-note\">\\</span>Kernel-&gt;handle($request)</span> &#8230;
      &#8250; 
      &#8250; <code class=\"php\"><span class=sf-dump-const title=\"in Illuminate\\Foundation\\Http\\Kernel-&gt;handle($request)\">    $response = $this-&gt;sendRequestThroughRouter($request);</span></code>
      &#8250; <code class=\"php\"><span class=sf-dump-default>} catch (Throwable $e) {</span></code>
      <span class=sf-dump-meta>arguments</span>: { &#8230;1}
    </samp>}
    <span class=sf-dump-meta title=\"/Users/greelogix/Herd/dev.esnadbusiness.com/public/index.php:14
Stack level 2.\"><span class=\"sf-dump-ellipsis sf-dump-ellipsis-path\">/Users/greelogix/Herd/dev.esnadbusiness.com</span><span class=\"sf-dump-ellipsis sf-dump-ellipsis-path\">/</span>public/index.php:14</span> {<samp data-depth=3 class=sf-dump-compact>
      <span class=sf-dump-note>require_once</span> &#8230;
      &#8250; 
      &#8250; <code class=\"php\"><span class=sf-dump-const title=\"in require_once\">$response = $kernel-&gt;handle(</span></code>
      &#8250; <code class=\"php\"><span class=sf-dump-default>    $request = Request::capture()</span></code>
      <span class=sf-dump-meta>arguments</span>: { &#8230;1}
    </samp>}
    <span class=sf-dump-meta title=\"/Users/greelogix/Herd/dev.esnadbusiness.com/vendor/laravel/framework/src/Illuminate/Foundation/resources/server.php:16
Stack level 1.\"><span class=\"sf-dump-ellipsis sf-dump-ellipsis-path\">/Users/greelogix/Herd/dev.esnadbusiness.com/vendor</span><span class=\"sf-dump-ellipsis sf-dump-ellipsis-path\">/laravel/framework/</span>src/Illuminate/Foundation/resources/server.php:16</span> {<samp data-depth=3 class=sf-dump-compact>
      &#8250; 
      &#8250; <code class=\"php\"><span class=sf-dump-const title=\"\">require_once $publicPath.&#039;/index.php&#039;;</span></code>
      &#8250; 
      <span class=sf-dump-meta>arguments</span>: { &#8230;1}
    </samp>}
  </samp>}
</samp>}
</pre><script>Sfdump(\"sf-dump-292352661\", {\"maxDepth\":3,\"maxStringLength\":160})</script>
"}},"exception":"[object] (Spatie\\LaravelIgnition\\Exceptions\\ViewException(code: 0): SQLSTATE[HY000] [1045] Access denied for user 'root'@'localhost' (using password: NO) (Connection: mysql, SQL: select * from `settings_appearance` limit 1) at /Users/greelogix/Herd/dev.esnadbusiness.com/vendor/laravel/framework/src/Illuminate/Database/Connection.php:795)
[stacktrace]
#0 /Users/greelogix/Herd/dev.esnadbusiness.com/vendor/laravel/framework/src/Illuminate/Database/Connection.php(755): Illuminate\\Database\\Connection->runQueryCallback('select * from `...', Array, Object(Closure))
#1 /Users/greelogix/Herd/dev.esnadbusiness.com/vendor/laravel/framework/src/Illuminate/Database/Connection.php(407): Illuminate\\Database\\Connection->run('select * from `...', Array, Object(Closure))
#2 /Users/greelogix/Herd/dev.esnadbusiness.com/vendor/laravel/framework/src/Illuminate/Database/Query/Builder.php(2747): Illuminate\\Database\\Connection->select('select * from `...', Array, true)
#3 /Users/greelogix/Herd/dev.esnadbusiness.com/vendor/laravel/framework/src/Illuminate/Database/Query/Builder.php(2736): Illuminate\\Database\\Query\\Builder->runSelect()
#4 /Users/greelogix/Herd/dev.esnadbusiness.com/vendor/laravel/framework/src/Illuminate/Database/Query/Builder.php(3290): Illuminate\\Database\\Query\\Builder->Illuminate\\Database\\Query\\{closure}()
#5 /Users/greelogix/Herd/dev.esnadbusiness.com/vendor/laravel/framework/src/Illuminate/Database/Query/Builder.php(2735): Illuminate\\Database\\Query\\Builder->onceWithColumns(Array, Object(Closure))
#6 /Users/greelogix/Herd/dev.esnadbusiness.com/vendor/laravel/framework/src/Illuminate/Database/Eloquent/Builder.php(720): Illuminate\\Database\\Query\\Builder->get(Array)
#7 /Users/greelogix/Herd/dev.esnadbusiness.com/vendor/laravel/framework/src/Illuminate/Database/Eloquent/Builder.php(704): Illuminate\\Database\\Eloquent\\Builder->getModels(Array)
#8 /Users/greelogix/Herd/dev.esnadbusiness.com/vendor/laravel/framework/src/Illuminate/Database/Concerns/BuildsQueries.php(296): Illuminate\\Database\\Eloquent\\Builder->get(Array)
#9 /Users/greelogix/Herd/dev.esnadbusiness.com/app/Utils/Helper/helpers.php(455): Illuminate\\Database\\Eloquent\\Builder->first()
#10 /Users/greelogix/Herd/dev.esnadbusiness.com/vendor/laravel/framework/src/Illuminate/Cache/Repository.php(438): {closure}()
#11 /Users/greelogix/Herd/dev.esnadbusiness.com/vendor/laravel/framework/src/Illuminate/Cache/CacheManager.php(424): Illuminate\\Cache\\Repository->rememberForever('settings_appear...', Object(Closure))
#12 /Users/greelogix/Herd/dev.esnadbusiness.com/vendor/laravel/framework/src/Illuminate/Support/Facades/Facade.php(353): Illuminate\\Cache\\CacheManager->__call('rememberForever', Array)
#13 /Users/greelogix/Herd/dev.esnadbusiness.com/app/Utils/Helper/helpers.php(454): Illuminate\\Support\\Facades\\Facade::__callStatic('rememberForever', Array)
#14 /Users/greelogix/Herd/dev.esnadbusiness.com/resources/views/errors/404.blade.php(10): settings('appearance')
#15 /Users/greelogix/Herd/dev.esnadbusiness.com/vendor/laravel/framework/src/Illuminate/Filesystem/Filesystem.php(124): require('/Users/greelogi...')
#16 /Users/greelogix/Herd/dev.esnadbusiness.com/vendor/laravel/framework/src/Illuminate/Filesystem/Filesystem.php(125): Illuminate\\Filesystem\\Filesystem::Illuminate\\Filesystem\\{closure}()
#17 /Users/greelogix/Herd/dev.esnadbusiness.com/vendor/laravel/framework/src/Illuminate/View/Engines/PhpEngine.php(58): Illuminate\\Filesystem\\Filesystem->getRequire('/Users/greelogi...', Array)
#18 /Users/greelogix/Herd/dev.esnadbusiness.com/vendor/livewire/livewire/src/ComponentConcerns/RendersLivewireComponents.php(69): Illuminate\\View\\Engines\\PhpEngine->evaluatePath('/Users/greelogi...', Array)
#19 /Users/greelogix/Herd/dev.esnadbusiness.com/vendor/laravel/framework/src/Illuminate/View/Engines/CompilerEngine.php(72): Livewire\\LivewireViewCompilerEngine->evaluatePath('/Users/greelogi...', Array)
#20 /Users/greelogix/Herd/dev.esnadbusiness.com/vendor/livewire/livewire/src/ComponentConcerns/RendersLivewireComponents.php(35): Illuminate\\View\\Engines\\CompilerEngine->get('/Users/greelogi...', Array)
#21 /Users/greelogix/Herd/dev.esnadbusiness.com/vendor/laravel/framework/src/Illuminate/View/View.php(195): Livewire\\LivewireViewCompilerEngine->get('/Users/greelogi...', Array)
#22 /Users/greelogix/Herd/dev.esnadbusiness.com/vendor/laravel/framework/src/Illuminate/View/View.php(178): Illuminate\\View\\View->getContents()
#23 /Users/greelogix/Herd/dev.esnadbusiness.com/vendor/laravel/framework/src/Illuminate/View/View.php(147): Illuminate\\View\\View->renderContents()
#24 /Users/greelogix/Herd/dev.esnadbusiness.com/vendor/laravel/framework/src/Illuminate/Http/Response.php(69): Illuminate\\View\\View->render()
#25 /Users/greelogix/Herd/dev.esnadbusiness.com/vendor/laravel/framework/src/Illuminate/Http/Response.php(35): Illuminate\\Http\\Response->setContent(Object(Illuminate\\View\\View))
#26 /Users/greelogix/Herd/dev.esnadbusiness.com/vendor/laravel/framework/src/Illuminate/Routing/ResponseFactory.php(57): Illuminate\\Http\\Response->__construct(Object(Illuminate\\View\\View), 404, Array)
#27 /Users/greelogix/Herd/dev.esnadbusiness.com/vendor/laravel/framework/src/Illuminate/Routing/ResponseFactory.php(87): Illuminate\\Routing\\ResponseFactory->make(Object(Illuminate\\View\\View), 404, Array)
#28 /Users/greelogix/Herd/dev.esnadbusiness.com/vendor/laravel/framework/src/Illuminate/Foundation/Exceptions/Handler.php(658): Illuminate\\Routing\\ResponseFactory->view('errors::404', Array, 404, Array)
#29 /Users/greelogix/Herd/dev.esnadbusiness.com/vendor/laravel/framework/src/Illuminate/Foundation/Exceptions/Handler.php(586): Illuminate\\Foundation\\Exceptions\\Handler->renderHttpException(Object(Symfony\\Component\\HttpKernel\\Exception\\NotFoundHttpException))
#30 /Users/greelogix/Herd/dev.esnadbusiness.com/vendor/laravel/framework/src/Illuminate/Foundation/Exceptions/Handler.php(492): Illuminate\\Foundation\\Exceptions\\Handler->prepareResponse(Object(Illuminate\\Http\\Request), Object(Symfony\\Component\\HttpKernel\\Exception\\NotFoundHttpException))
#31 /Users/greelogix/Herd/dev.esnadbusiness.com/vendor/laravel/framework/src/Illuminate/Foundation/Exceptions/Handler.php(409): Illuminate\\Foundation\\Exceptions\\Handler->renderExceptionResponse(Object(Illuminate\\Http\\Request), Object(Symfony\\Component\\HttpKernel\\Exception\\NotFoundHttpException))
#32 /Users/greelogix/Herd/dev.esnadbusiness.com/vendor/laravel/framework/src/Illuminate/Routing/Pipeline.php(51): Illuminate\\Foundation\\Exceptions\\Handler->render(Object(Illuminate\\Http\\Request), Object(Symfony\\Component\\HttpKernel\\Exception\\NotFoundHttpException))
#33 /Users/greelogix/Herd/dev.esnadbusiness.com/vendor/laravel/framework/src/Illuminate/Pipeline/Pipeline.php(143): Illuminate\\Routing\\Pipeline->handleException(Object(Illuminate\\Http\\Request), Object(Symfony\\Component\\HttpKernel\\Exception\\NotFoundHttpException))
#34 /Users/greelogix/Herd/dev.esnadbusiness.com/vendor/lukeraymonddowning/honey/src/Http/Middleware/BlockSpammers.php(19): Illuminate\\Pipeline\\Pipeline->Illuminate\\Pipeline\\{closure}(Object(Illuminate\\Http\\Request))
#35 /Users/greelogix/Herd/dev.esnadbusiness.com/vendor/laravel/framework/src/Illuminate/Pipeline/Pipeline.php(180): Lukeraymonddowning\\Honey\\Http\\Middleware\\BlockSpammers->handle(Object(Illuminate\\Http\\Request), Object(Closure))
#36 /Users/greelogix/Herd/dev.esnadbusiness.com/vendor/livewire/livewire/src/DisableBrowserCache.php(19): Illuminate\\Pipeline\\Pipeline->Illuminate\\Pipeline\\{closure}(Object(Illuminate\\Http\\Request))
#37 /Users/greelogix/Herd/dev.esnadbusiness.com/vendor/laravel/framework/src/Illuminate/Pipeline/Pipeline.php(180): Livewire\\DisableBrowserCache->handle(Object(Illuminate\\Http\\Request), Object(Closure))
#38 /Users/greelogix/Herd/dev.esnadbusiness.com/vendor/barryvdh/laravel-debugbar/src/Middleware/InjectDebugbar.php(66): Illuminate\\Pipeline\\Pipeline->Illuminate\\Pipeline\\{closure}(Object(Illuminate\\Http\\Request))
#39 /Users/greelogix/Herd/dev.esnadbusiness.com/vendor/laravel/framework/src/Illuminate/Pipeline/Pipeline.php(180): Barryvdh\\Debugbar\\Middleware\\InjectDebugbar->handle(Object(Illuminate\\Http\\Request), Object(Closure))
#40 /Users/greelogix/Herd/dev.esnadbusiness.com/vendor/laravel/framework/src/Illuminate/Foundation/Http/Middleware/TransformsRequest.php(21): Illuminate\\Pipeline\\Pipeline->Illuminate\\Pipeline\\{closure}(Object(Illuminate\\Http\\Request))
#41 /Users/greelogix/Herd/dev.esnadbusiness.com/vendor/laravel/framework/src/Illuminate/Foundation/Http/Middleware/ConvertEmptyStringsToNull.php(31): Illuminate\\Foundation\\Http\\Middleware\\TransformsRequest->handle(Object(Illuminate\\Http\\Request), Object(Closure))
#42 /Users/greelogix/Herd/dev.esnadbusiness.com/vendor/laravel/framework/src/Illuminate/Pipeline/Pipeline.php(180): Illuminate\\Foundation\\Http\\Middleware\\ConvertEmptyStringsToNull->handle(Object(Illuminate\\Http\\Request), Object(Closure))
#43 /Users/greelogix/Herd/dev.esnadbusiness.com/vendor/laravel/framework/src/Illuminate/Foundation/Http/Middleware/TransformsRequest.php(21): Illuminate\\Pipeline\\Pipeline->Illuminate\\Pipeline\\{closure}(Object(Illuminate\\Http\\Request))
#44 /Users/greelogix/Herd/dev.esnadbusiness.com/vendor/laravel/framework/src/Illuminate/Foundation/Http/Middleware/TrimStrings.php(40): Illuminate\\Foundation\\Http\\Middleware\\TransformsRequest->handle(Object(Illuminate\\Http\\Request), Object(Closure))
#45 /Users/greelogix/Herd/dev.esnadbusiness.com/vendor/laravel/framework/src/Illuminate/Pipeline/Pipeline.php(180): Illuminate\\Foundation\\Http\\Middleware\\TrimStrings->handle(Object(Illuminate\\Http\\Request), Object(Closure))
#46 /Users/greelogix/Herd/dev.esnadbusiness.com/vendor/laravel/framework/src/Illuminate/Foundation/Http/Middleware/ValidatePostSize.php(27): Illuminate\\Pipeline\\Pipeline->Illuminate\\Pipeline\\{closure}(Object(Illuminate\\Http\\Request))
#47 /Users/greelogix/Herd/dev.esnadbusiness.com/vendor/laravel/framework/src/Illuminate/Pipeline/Pipeline.php(180): Illuminate\\Foundation\\Http\\Middleware\\ValidatePostSize->handle(Object(Illuminate\\Http\\Request), Object(Closure))
#48 /Users/greelogix/Herd/dev.esnadbusiness.com/vendor/laravel/framework/src/Illuminate/Foundation/Http/Middleware/PreventRequestsDuringMaintenance.php(86): Illuminate\\Pipeline\\Pipeline->Illuminate\\Pipeline\\{closure}(Object(Illuminate\\Http\\Request))
#49 /Users/greelogix/Herd/dev.esnadbusiness.com/vendor/laravel/framework/src/Illuminate/Pipeline/Pipeline.php(180): Illuminate\\Foundation\\Http\\Middleware\\PreventRequestsDuringMaintenance->handle(Object(Illuminate\\Http\\Request), Object(Closure))
#50 /Users/greelogix/Herd/dev.esnadbusiness.com/vendor/laravel/framework/src/Illuminate/Http/Middleware/HandleCors.php(49): Illuminate\\Pipeline\\Pipeline->Illuminate\\Pipeline\\{closure}(Object(Illuminate\\Http\\Request))
#51 /Users/greelogix/Herd/dev.esnadbusiness.com/vendor/laravel/framework/src/Illuminate/Pipeline/Pipeline.php(180): Illuminate\\Http\\Middleware\\HandleCors->handle(Object(Illuminate\\Http\\Request), Object(Closure))
#52 /Users/greelogix/Herd/dev.esnadbusiness.com/vendor/laravel/framework/src/Illuminate/Http/Middleware/TrustProxies.php(39): Illuminate\\Pipeline\\Pipeline->Illuminate\\Pipeline\\{closure}(Object(Illuminate\\Http\\Request))
#53 /Users/greelogix/Herd/dev.esnadbusiness.com/vendor/laravel/framework/src/Illuminate/Pipeline/Pipeline.php(180): Illuminate\\Http\\Middleware\\TrustProxies->handle(Object(Illuminate\\Http\\Request), Object(Closure))
#54 /Users/greelogix/Herd/dev.esnadbusiness.com/vendor/laravel/framework/src/Illuminate/Pipeline/Pipeline.php(116): Illuminate\\Pipeline\\Pipeline->Illuminate\\Pipeline\\{closure}(Object(Illuminate\\Http\\Request))
#55 /Users/greelogix/Herd/dev.esnadbusiness.com/vendor/laravel/framework/src/Illuminate/Foundation/Http/Kernel.php(175): Illuminate\\Pipeline\\Pipeline->then(Object(Closure))
#56 /Users/greelogix/Herd/dev.esnadbusiness.com/vendor/laravel/framework/src/Illuminate/Foundation/Http/Kernel.php(144): Illuminate\\Foundation\\Http\\Kernel->sendRequestThroughRouter(Object(Illuminate\\Http\\Request))
#57 /Users/greelogix/Herd/dev.esnadbusiness.com/public/index.php(14): Illuminate\\Foundation\\Http\\Kernel->handle(Object(Illuminate\\Http\\Request))
#58 /Users/greelogix/Herd/dev.esnadbusiness.com/vendor/laravel/framework/src/Illuminate/Foundation/resources/server.php(16): require_once('/Users/greelogi...')
#59 {main}

[previous exception] [object] (Illuminate\\Database\\QueryException(code: 1045): SQLSTATE[HY000] [1045] Access denied for user 'root'@'localhost' (using password: NO) (Connection: mysql, SQL: select * from `settings_appearance` limit 1) at /Users/greelogix/Herd/dev.esnadbusiness.com/vendor/laravel/framework/src/Illuminate/Database/Connection.php:795)
[stacktrace]
#0 /Users/greelogix/Herd/dev.esnadbusiness.com/vendor/laravel/framework/src/Illuminate/Database/Connection.php(755): Illuminate\\Database\\Connection->runQueryCallback('select * from `...', Array, Object(Closure))
#1 /Users/greelogix/Herd/dev.esnadbusiness.com/vendor/laravel/framework/src/Illuminate/Database/Connection.php(407): Illuminate\\Database\\Connection->run('select * from `...', Array, Object(Closure))
#2 /Users/greelogix/Herd/dev.esnadbusiness.com/vendor/laravel/framework/src/Illuminate/Database/Query/Builder.php(2747): Illuminate\\Database\\Connection->select('select * from `...', Array, true)
#3 /Users/greelogix/Herd/dev.esnadbusiness.com/vendor/laravel/framework/src/Illuminate/Database/Query/Builder.php(2736): Illuminate\\Database\\Query\\Builder->runSelect()
#4 /Users/greelogix/Herd/dev.esnadbusiness.com/vendor/laravel/framework/src/Illuminate/Database/Query/Builder.php(3290): Illuminate\\Database\\Query\\Builder->Illuminate\\Database\\Query\\{closure}()
#5 /Users/greelogix/Herd/dev.esnadbusiness.com/vendor/laravel/framework/src/Illuminate/Database/Query/Builder.php(2735): Illuminate\\Database\\Query\\Builder->onceWithColumns(Array, Object(Closure))
#6 /Users/greelogix/Herd/dev.esnadbusiness.com/vendor/laravel/framework/src/Illuminate/Database/Eloquent/Builder.php(720): Illuminate\\Database\\Query\\Builder->get(Array)
#7 /Users/greelogix/Herd/dev.esnadbusiness.com/vendor/laravel/framework/src/Illuminate/Database/Eloquent/Builder.php(704): Illuminate\\Database\\Eloquent\\Builder->getModels(Array)
#8 /Users/greelogix/Herd/dev.esnadbusiness.com/vendor/laravel/framework/src/Illuminate/Database/Concerns/BuildsQueries.php(296): Illuminate\\Database\\Eloquent\\Builder->get(Array)
#9 /Users/greelogix/Herd/dev.esnadbusiness.com/app/Utils/Helper/helpers.php(455): Illuminate\\Database\\Eloquent\\Builder->first()
#10 /Users/greelogix/Herd/dev.esnadbusiness.com/vendor/laravel/framework/src/Illuminate/Cache/Repository.php(438): {closure}()
#11 /Users/greelogix/Herd/dev.esnadbusiness.com/vendor/laravel/framework/src/Illuminate/Cache/CacheManager.php(424): Illuminate\\Cache\\Repository->rememberForever('settings_appear...', Object(Closure))
#12 /Users/greelogix/Herd/dev.esnadbusiness.com/vendor/laravel/framework/src/Illuminate/Support/Facades/Facade.php(353): Illuminate\\Cache\\CacheManager->__call('rememberForever', Array)
#13 /Users/greelogix/Herd/dev.esnadbusiness.com/app/Utils/Helper/helpers.php(454): Illuminate\\Support\\Facades\\Facade::__callStatic('rememberForever', Array)
#14 /Users/greelogix/Herd/dev.esnadbusiness.com/storage/framework/views/60373c1de6f502950396d894583612dc.php(10): settings('appearance')
#15 /Users/greelogix/Herd/dev.esnadbusiness.com/vendor/laravel/framework/src/Illuminate/Filesystem/Filesystem.php(124): require('/Users/greelogi...')
#16 /Users/greelogix/Herd/dev.esnadbusiness.com/vendor/laravel/framework/src/Illuminate/Filesystem/Filesystem.php(125): Illuminate\\Filesystem\\Filesystem::Illuminate\\Filesystem\\{closure}()
#17 /Users/greelogix/Herd/dev.esnadbusiness.com/vendor/laravel/framework/src/Illuminate/View/Engines/PhpEngine.php(58): Illuminate\\Filesystem\\Filesystem->getRequire('/Users/greelogi...', Array)
#18 /Users/greelogix/Herd/dev.esnadbusiness.com/vendor/livewire/livewire/src/ComponentConcerns/RendersLivewireComponents.php(69): Illuminate\\View\\Engines\\PhpEngine->evaluatePath('/Users/greelogi...', Array)
#19 /Users/greelogix/Herd/dev.esnadbusiness.com/vendor/laravel/framework/src/Illuminate/View/Engines/CompilerEngine.php(72): Livewire\\LivewireViewCompilerEngine->evaluatePath('/Users/greelogi...', Array)
#20 /Users/greelogix/Herd/dev.esnadbusiness.com/vendor/livewire/livewire/src/ComponentConcerns/RendersLivewireComponents.php(35): Illuminate\\View\\Engines\\CompilerEngine->get('/Users/greelogi...', Array)
#21 /Users/greelogix/Herd/dev.esnadbusiness.com/vendor/laravel/framework/src/Illuminate/View/View.php(195): Livewire\\LivewireViewCompilerEngine->get('/Users/greelogi...', Array)
#22 /Users/greelogix/Herd/dev.esnadbusiness.com/vendor/laravel/framework/src/Illuminate/View/View.php(178): Illuminate\\View\\View->getContents()
#23 /Users/greelogix/Herd/dev.esnadbusiness.com/vendor/laravel/framework/src/Illuminate/View/View.php(147): Illuminate\\View\\View->renderContents()
#24 /Users/greelogix/Herd/dev.esnadbusiness.com/vendor/laravel/framework/src/Illuminate/Http/Response.php(69): Illuminate\\View\\View->render()
#25 /Users/greelogix/Herd/dev.esnadbusiness.com/vendor/laravel/framework/src/Illuminate/Http/Response.php(35): Illuminate\\Http\\Response->setContent(Object(Illuminate\\View\\View))
#26 /Users/greelogix/Herd/dev.esnadbusiness.com/vendor/laravel/framework/src/Illuminate/Routing/ResponseFactory.php(57): Illuminate\\Http\\Response->__construct(Object(Illuminate\\View\\View), 404, Array)
#27 /Users/greelogix/Herd/dev.esnadbusiness.com/vendor/laravel/framework/src/Illuminate/Routing/ResponseFactory.php(87): Illuminate\\Routing\\ResponseFactory->make(Object(Illuminate\\View\\View), 404, Array)
#28 /Users/greelogix/Herd/dev.esnadbusiness.com/vendor/laravel/framework/src/Illuminate/Foundation/Exceptions/Handler.php(658): Illuminate\\Routing\\ResponseFactory->view('errors::404', Array, 404, Array)
#29 /Users/greelogix/Herd/dev.esnadbusiness.com/vendor/laravel/framework/src/Illuminate/Foundation/Exceptions/Handler.php(586): Illuminate\\Foundation\\Exceptions\\Handler->renderHttpException(Object(Symfony\\Component\\HttpKernel\\Exception\\NotFoundHttpException))
#30 /Users/greelogix/Herd/dev.esnadbusiness.com/vendor/laravel/framework/src/Illuminate/Foundation/Exceptions/Handler.php(492): Illuminate\\Foundation\\Exceptions\\Handler->prepareResponse(Object(Illuminate\\Http\\Request), Object(Symfony\\Component\\HttpKernel\\Exception\\NotFoundHttpException))
#31 /Users/greelogix/Herd/dev.esnadbusiness.com/vendor/laravel/framework/src/Illuminate/Foundation/Exceptions/Handler.php(409): Illuminate\\Foundation\\Exceptions\\Handler->renderExceptionResponse(Object(Illuminate\\Http\\Request), Object(Symfony\\Component\\HttpKernel\\Exception\\NotFoundHttpException))
#32 /Users/greelogix/Herd/dev.esnadbusiness.com/vendor/laravel/framework/src/Illuminate/Routing/Pipeline.php(51): Illuminate\\Foundation\\Exceptions\\Handler->render(Object(Illuminate\\Http\\Request), Object(Symfony\\Component\\HttpKernel\\Exception\\NotFoundHttpException))
#33 /Users/greelogix/Herd/dev.esnadbusiness.com/vendor/laravel/framework/src/Illuminate/Pipeline/Pipeline.php(143): Illuminate\\Routing\\Pipeline->handleException(Object(Illuminate\\Http\\Request), Object(Symfony\\Component\\HttpKernel\\Exception\\NotFoundHttpException))
#34 /Users/greelogix/Herd/dev.esnadbusiness.com/vendor/lukeraymonddowning/honey/src/Http/Middleware/BlockSpammers.php(19): Illuminate\\Pipeline\\Pipeline->Illuminate\\Pipeline\\{closure}(Object(Illuminate\\Http\\Request))
#35 /Users/greelogix/Herd/dev.esnadbusiness.com/vendor/laravel/framework/src/Illuminate/Pipeline/Pipeline.php(180): Lukeraymonddowning\\Honey\\Http\\Middleware\\BlockSpammers->handle(Object(Illuminate\\Http\\Request), Object(Closure))
#36 /Users/greelogix/Herd/dev.esnadbusiness.com/vendor/livewire/livewire/src/DisableBrowserCache.php(19): Illuminate\\Pipeline\\Pipeline->Illuminate\\Pipeline\\{closure}(Object(Illuminate\\Http\\Request))
#37 /Users/greelogix/Herd/dev.esnadbusiness.com/vendor/laravel/framework/src/Illuminate/Pipeline/Pipeline.php(180): Livewire\\DisableBrowserCache->handle(Object(Illuminate\\Http\\Request), Object(Closure))
#38 /Users/greelogix/Herd/dev.esnadbusiness.com/vendor/barryvdh/laravel-debugbar/src/Middleware/InjectDebugbar.php(66): Illuminate\\Pipeline\\Pipeline->Illuminate\\Pipeline\\{closure}(Object(Illuminate\\Http\\Request))
#39 /Users/greelogix/Herd/dev.esnadbusiness.com/vendor/laravel/framework/src/Illuminate/Pipeline/Pipeline.php(180): Barryvdh\\Debugbar\\Middleware\\InjectDebugbar->handle(Object(Illuminate\\Http\\Request), Object(Closure))
#40 /Users/greelogix/Herd/dev.esnadbusiness.com/vendor/laravel/framework/src/Illuminate/Foundation/Http/Middleware/TransformsRequest.php(21): Illuminate\\Pipeline\\Pipeline->Illuminate\\Pipeline\\{closure}(Object(Illuminate\\Http\\Request))
#41 /Users/greelogix/Herd/dev.esnadbusiness.com/vendor/laravel/framework/src/Illuminate/Foundation/Http/Middleware/ConvertEmptyStringsToNull.php(31): Illuminate\\Foundation\\Http\\Middleware\\TransformsRequest->handle(Object(Illuminate\\Http\\Request), Object(Closure))
#42 /Users/greelogix/Herd/dev.esnadbusiness.com/vendor/laravel/framework/src/Illuminate/Pipeline/Pipeline.php(180): Illuminate\\Foundation\\Http\\Middleware\\ConvertEmptyStringsToNull->handle(Object(Illuminate\\Http\\Request), Object(Closure))
#43 /Users/greelogix/Herd/dev.esnadbusiness.com/vendor/laravel/framework/src/Illuminate/Foundation/Http/Middleware/TransformsRequest.php(21): Illuminate\\Pipeline\\Pipeline->Illuminate\\Pipeline\\{closure}(Object(Illuminate\\Http\\Request))
#44 /Users/greelogix/Herd/dev.esnadbusiness.com/vendor/laravel/framework/src/Illuminate/Foundation/Http/Middleware/TrimStrings.php(40): Illuminate\\Foundation\\Http\\Middleware\\TransformsRequest->handle(Object(Illuminate\\Http\\Request), Object(Closure))
#45 /Users/greelogix/Herd/dev.esnadbusiness.com/vendor/laravel/framework/src/Illuminate/Pipeline/Pipeline.php(180): Illuminate\\Foundation\\Http\\Middleware\\TrimStrings->handle(Object(Illuminate\\Http\\Request), Object(Closure))
#46 /Users/greelogix/Herd/dev.esnadbusiness.com/vendor/laravel/framework/src/Illuminate/Foundation/Http/Middleware/ValidatePostSize.php(27): Illuminate\\Pipeline\\Pipeline->Illuminate\\Pipeline\\{closure}(Object(Illuminate\\Http\\Request))
#47 /Users/greelogix/Herd/dev.esnadbusiness.com/vendor/laravel/framework/src/Illuminate/Pipeline/Pipeline.php(180): Illuminate\\Foundation\\Http\\Middleware\\ValidatePostSize->handle(Object(Illuminate\\Http\\Request), Object(Closure))
#48 /Users/greelogix/Herd/dev.esnadbusiness.com/vendor/laravel/framework/src/Illuminate/Foundation/Http/Middleware/PreventRequestsDuringMaintenance.php(86): Illuminate\\Pipeline\\Pipeline->Illuminate\\Pipeline\\{closure}(Object(Illuminate\\Http\\Request))
#49 /Users/greelogix/Herd/dev.esnadbusiness.com/vendor/laravel/framework/src/Illuminate/Pipeline/Pipeline.php(180): Illuminate\\Foundation\\Http\\Middleware\\PreventRequestsDuringMaintenance->handle(Object(Illuminate\\Http\\Request), Object(Closure))
#50 /Users/greelogix/Herd/dev.esnadbusiness.com/vendor/laravel/framework/src/Illuminate/Http/Middleware/HandleCors.php(49): Illuminate\\Pipeline\\Pipeline->Illuminate\\Pipeline\\{closure}(Object(Illuminate\\Http\\Request))
#51 /Users/greelogix/Herd/dev.esnadbusiness.com/vendor/laravel/framework/src/Illuminate/Pipeline/Pipeline.php(180): Illuminate\\Http\\Middleware\\HandleCors->handle(Object(Illuminate\\Http\\Request), Object(Closure))
#52 /Users/greelogix/Herd/dev.esnadbusiness.com/vendor/laravel/framework/src/Illuminate/Http/Middleware/TrustProxies.php(39): Illuminate\\Pipeline\\Pipeline->Illuminate\\Pipeline\\{closure}(Object(Illuminate\\Http\\Request))
#53 /Users/greelogix/Herd/dev.esnadbusiness.com/vendor/laravel/framework/src/Illuminate/Pipeline/Pipeline.php(180): Illuminate\\Http\\Middleware\\TrustProxies->handle(Object(Illuminate\\Http\\Request), Object(Closure))
#54 /Users/greelogix/Herd/dev.esnadbusiness.com/vendor/laravel/framework/src/Illuminate/Pipeline/Pipeline.php(116): Illuminate\\Pipeline\\Pipeline->Illuminate\\Pipeline\\{closure}(Object(Illuminate\\Http\\Request))
#55 /Users/greelogix/Herd/dev.esnadbusiness.com/vendor/laravel/framework/src/Illuminate/Foundation/Http/Kernel.php(175): Illuminate\\Pipeline\\Pipeline->then(Object(Closure))
#56 /Users/greelogix/Herd/dev.esnadbusiness.com/vendor/laravel/framework/src/Illuminate/Foundation/Http/Kernel.php(144): Illuminate\\Foundation\\Http\\Kernel->sendRequestThroughRouter(Object(Illuminate\\Http\\Request))
#57 /Users/greelogix/Herd/dev.esnadbusiness.com/public/index.php(14): Illuminate\\Foundation\\Http\\Kernel->handle(Object(Illuminate\\Http\\Request))
#58 /Users/greelogix/Herd/dev.esnadbusiness.com/vendor/laravel/framework/src/Illuminate/Foundation/resources/server.php(16): require_once('/Users/greelogi...')
#59 {main}

[previous exception] [object] (PDOException(code: 1045): SQLSTATE[HY000] [1045] Access denied for user 'root'@'localhost' (using password: NO) at /Users/greelogix/Herd/dev.esnadbusiness.com/vendor/laravel/framework/src/Illuminate/Database/Connectors/Connector.php:65)
[stacktrace]
#0 /Users/greelogix/Herd/dev.esnadbusiness.com/vendor/laravel/framework/src/Illuminate/Database/Connectors/Connector.php(65): PDO->__construct('mysql:host=loca...', 'root', Object(SensitiveParameterValue), Array)
#1 /Users/greelogix/Herd/dev.esnadbusiness.com/vendor/laravel/framework/src/Illuminate/Database/Connectors/Connector.php(44): Illuminate\\Database\\Connectors\\Connector->createPdoConnection('mysql:host=loca...', 'root', '', Array)
#2 /Users/greelogix/Herd/dev.esnadbusiness.com/vendor/laravel/framework/src/Illuminate/Database/Connectors/MySqlConnector.php(24): Illuminate\\Database\\Connectors\\Connector->createConnection('mysql:host=loca...', Array, Array)
#3 /Users/greelogix/Herd/dev.esnadbusiness.com/vendor/laravel/framework/src/Illuminate/Database/Connectors/ConnectionFactory.php(184): Illuminate\\Database\\Connectors\\MySqlConnector->connect(Array)
#4 [internal function]: Illuminate\\Database\\Connectors\\ConnectionFactory->Illuminate\\Database\\Connectors\\{closure}()
#5 /Users/greelogix/Herd/dev.esnadbusiness.com/vendor/laravel/framework/src/Illuminate/Database/Connection.php(1275): call_user_func(Object(Closure))
#6 /Users/greelogix/Herd/dev.esnadbusiness.com/vendor/laravel/framework/src/Illuminate/Database/Connection.php(1311): Illuminate\\Database\\Connection->getPdo()
#7 /Users/greelogix/Herd/dev.esnadbusiness.com/vendor/laravel/framework/src/Illuminate/Database/Connection.php(521): Illuminate\\Database\\Connection->getReadPdo()
#8 /Users/greelogix/Herd/dev.esnadbusiness.com/vendor/laravel/framework/src/Illuminate/Database/Connection.php(416): Illuminate\\Database\\Connection->getPdoForSelect(true)
#9 /Users/greelogix/Herd/dev.esnadbusiness.com/vendor/laravel/framework/src/Illuminate/Database/Connection.php(788): Illuminate\\Database\\Connection->Illuminate\\Database\\{closure}('select * from `...', Array)
#10 /Users/greelogix/Herd/dev.esnadbusiness.com/vendor/laravel/framework/src/Illuminate/Database/Connection.php(755): Illuminate\\Database\\Connection->runQueryCallback('select * from `...', Array, Object(Closure))
#11 /Users/greelogix/Herd/dev.esnadbusiness.com/vendor/laravel/framework/src/Illuminate/Database/Connection.php(407): Illuminate\\Database\\Connection->run('select * from `...', Array, Object(Closure))
#12 /Users/greelogix/Herd/dev.esnadbusiness.com/vendor/laravel/framework/src/Illuminate/Database/Query/Builder.php(2747): Illuminate\\Database\\Connection->select('select * from `...', Array, true)
#13 /Users/greelogix/Herd/dev.esnadbusiness.com/vendor/laravel/framework/src/Illuminate/Database/Query/Builder.php(2736): Illuminate\\Database\\Query\\Builder->runSelect()
#14 /Users/greelogix/Herd/dev.esnadbusiness.com/vendor/laravel/framework/src/Illuminate/Database/Query/Builder.php(3290): Illuminate\\Database\\Query\\Builder->Illuminate\\Database\\Query\\{closure}()
#15 /Users/greelogix/Herd/dev.esnadbusiness.com/vendor/laravel/framework/src/Illuminate/Database/Query/Builder.php(2735): Illuminate\\Database\\Query\\Builder->onceWithColumns(Array, Object(Closure))
#16 /Users/greelogix/Herd/dev.esnadbusiness.com/vendor/laravel/framework/src/Illuminate/Database/Eloquent/Builder.php(720): Illuminate\\Database\\Query\\Builder->get(Array)
#17 /Users/greelogix/Herd/dev.esnadbusiness.com/vendor/laravel/framework/src/Illuminate/Database/Eloquent/Builder.php(704): Illuminate\\Database\\Eloquent\\Builder->getModels(Array)
#18 /Users/greelogix/Herd/dev.esnadbusiness.com/vendor/laravel/framework/src/Illuminate/Database/Concerns/BuildsQueries.php(296): Illuminate\\Database\\Eloquent\\Builder->get(Array)
#19 /Users/greelogix/Herd/dev.esnadbusiness.com/app/Utils/Helper/helpers.php(455): Illuminate\\Database\\Eloquent\\Builder->first()
#20 /Users/greelogix/Herd/dev.esnadbusiness.com/vendor/laravel/framework/src/Illuminate/Cache/Repository.php(438): {closure}()
#21 /Users/greelogix/Herd/dev.esnadbusiness.com/vendor/laravel/framework/src/Illuminate/Cache/CacheManager.php(424): Illuminate\\Cache\\Repository->rememberForever('settings_appear...', Object(Closure))
#22 /Users/greelogix/Herd/dev.esnadbusiness.com/vendor/laravel/framework/src/Illuminate/Support/Facades/Facade.php(353): Illuminate\\Cache\\CacheManager->__call('rememberForever', Array)
#23 /Users/greelogix/Herd/dev.esnadbusiness.com/app/Utils/Helper/helpers.php(454): Illuminate\\Support\\Facades\\Facade::__callStatic('rememberForever', Array)
#24 /Users/greelogix/Herd/dev.esnadbusiness.com/storage/framework/views/60373c1de6f502950396d894583612dc.php(10): settings('appearance')
#25 /Users/greelogix/Herd/dev.esnadbusiness.com/vendor/laravel/framework/src/Illuminate/Filesystem/Filesystem.php(124): require('/Users/greelogi...')
#26 /Users/greelogix/Herd/dev.esnadbusiness.com/vendor/laravel/framework/src/Illuminate/Filesystem/Filesystem.php(125): Illuminate\\Filesystem\\Filesystem::Illuminate\\Filesystem\\{closure}()
#27 /Users/greelogix/Herd/dev.esnadbusiness.com/vendor/laravel/framework/src/Illuminate/View/Engines/PhpEngine.php(58): Illuminate\\Filesystem\\Filesystem->getRequire('/Users/greelogi...', Array)
#28 /Users/greelogix/Herd/dev.esnadbusiness.com/vendor/livewire/livewire/src/ComponentConcerns/RendersLivewireComponents.php(69): Illuminate\\View\\Engines\\PhpEngine->evaluatePath('/Users/greelogi...', Array)
#29 /Users/greelogix/Herd/dev.esnadbusiness.com/vendor/laravel/framework/src/Illuminate/View/Engines/CompilerEngine.php(72): Livewire\\LivewireViewCompilerEngine->evaluatePath('/Users/greelogi...', Array)
#30 /Users/greelogix/Herd/dev.esnadbusiness.com/vendor/livewire/livewire/src/ComponentConcerns/RendersLivewireComponents.php(35): Illuminate\\View\\Engines\\CompilerEngine->get('/Users/greelogi...', Array)
#31 /Users/greelogix/Herd/dev.esnadbusiness.com/vendor/laravel/framework/src/Illuminate/View/View.php(195): Livewire\\LivewireViewCompilerEngine->get('/Users/greelogi...', Array)
#32 /Users/greelogix/Herd/dev.esnadbusiness.com/vendor/laravel/framework/src/Illuminate/View/View.php(178): Illuminate\\View\\View->getContents()
#33 /Users/greelogix/Herd/dev.esnadbusiness.com/vendor/laravel/framework/src/Illuminate/View/View.php(147): Illuminate\\View\\View->renderContents()
#34 /Users/greelogix/Herd/dev.esnadbusiness.com/vendor/laravel/framework/src/Illuminate/Http/Response.php(69): Illuminate\\View\\View->render()
#35 /Users/greelogix/Herd/dev.esnadbusiness.com/vendor/laravel/framework/src/Illuminate/Http/Response.php(35): Illuminate\\Http\\Response->setContent(Object(Illuminate\\View\\View))
#36 /Users/greelogix/Herd/dev.esnadbusiness.com/vendor/laravel/framework/src/Illuminate/Routing/ResponseFactory.php(57): Illuminate\\Http\\Response->__construct(Object(Illuminate\\View\\View), 404, Array)
#37 /Users/greelogix/Herd/dev.esnadbusiness.com/vendor/laravel/framework/src/Illuminate/Routing/ResponseFactory.php(87): Illuminate\\Routing\\ResponseFactory->make(Object(Illuminate\\View\\View), 404, Array)
#38 /Users/greelogix/Herd/dev.esnadbusiness.com/vendor/laravel/framework/src/Illuminate/Foundation/Exceptions/Handler.php(658): Illuminate\\Routing\\ResponseFactory->view('errors::404', Array, 404, Array)
#39 /Users/greelogix/Herd/dev.esnadbusiness.com/vendor/laravel/framework/src/Illuminate/Foundation/Exceptions/Handler.php(586): Illuminate\\Foundation\\Exceptions\\Handler->renderHttpException(Object(Symfony\\Component\\HttpKernel\\Exception\\NotFoundHttpException))
#40 /Users/greelogix/Herd/dev.esnadbusiness.com/vendor/laravel/framework/src/Illuminate/Foundation/Exceptions/Handler.php(492): Illuminate\\Foundation\\Exceptions\\Handler->prepareResponse(Object(Illuminate\\Http\\Request), Object(Symfony\\Component\\HttpKernel\\Exception\\NotFoundHttpException))
#41 /Users/greelogix/Herd/dev.esnadbusiness.com/vendor/laravel/framework/src/Illuminate/Foundation/Exceptions/Handler.php(409): Illuminate\\Foundation\\Exceptions\\Handler->renderExceptionResponse(Object(Illuminate\\Http\\Request), Object(Symfony\\Component\\HttpKernel\\Exception\\NotFoundHttpException))
#42 /Users/greelogix/Herd/dev.esnadbusiness.com/vendor/laravel/framework/src/Illuminate/Routing/Pipeline.php(51): Illuminate\\Foundation\\Exceptions\\Handler->render(Object(Illuminate\\Http\\Request), Object(Symfony\\Component\\HttpKernel\\Exception\\NotFoundHttpException))
#43 /Users/greelogix/Herd/dev.esnadbusiness.com/vendor/laravel/framework/src/Illuminate/Pipeline/Pipeline.php(143): Illuminate\\Routing\\Pipeline->handleException(Object(Illuminate\\Http\\Request), Object(Symfony\\Component\\HttpKernel\\Exception\\NotFoundHttpException))
#44 /Users/greelogix/Herd/dev.esnadbusiness.com/vendor/lukeraymonddowning/honey/src/Http/Middleware/BlockSpammers.php(19): Illuminate\\Pipeline\\Pipeline->Illuminate\\Pipeline\\{closure}(Object(Illuminate\\Http\\Request))
#45 /Users/greelogix/Herd/dev.esnadbusiness.com/vendor/laravel/framework/src/Illuminate/Pipeline/Pipeline.php(180): Lukeraymonddowning\\Honey\\Http\\Middleware\\BlockSpammers->handle(Object(Illuminate\\Http\\Request), Object(Closure))
#46 /Users/greelogix/Herd/dev.esnadbusiness.com/vendor/livewire/livewire/src/DisableBrowserCache.php(19): Illuminate\\Pipeline\\Pipeline->Illuminate\\Pipeline\\{closure}(Object(Illuminate\\Http\\Request))
#47 /Users/greelogix/Herd/dev.esnadbusiness.com/vendor/laravel/framework/src/Illuminate/Pipeline/Pipeline.php(180): Livewire\\DisableBrowserCache->handle(Object(Illuminate\\Http\\Request), Object(Closure))
#48 /Users/greelogix/Herd/dev.esnadbusiness.com/vendor/barryvdh/laravel-debugbar/src/Middleware/InjectDebugbar.php(66): Illuminate\\Pipeline\\Pipeline->Illuminate\\Pipeline\\{closure}(Object(Illuminate\\Http\\Request))
#49 /Users/greelogix/Herd/dev.esnadbusiness.com/vendor/laravel/framework/src/Illuminate/Pipeline/Pipeline.php(180): Barryvdh\\Debugbar\\Middleware\\InjectDebugbar->handle(Object(Illuminate\\Http\\Request), Object(Closure))
#50 /Users/greelogix/Herd/dev.esnadbusiness.com/vendor/laravel/framework/src/Illuminate/Foundation/Http/Middleware/TransformsRequest.php(21): Illuminate\\Pipeline\\Pipeline->Illuminate\\Pipeline\\{closure}(Object(Illuminate\\Http\\Request))
#51 /Users/greelogix/Herd/dev.esnadbusiness.com/vendor/laravel/framework/src/Illuminate/Foundation/Http/Middleware/ConvertEmptyStringsToNull.php(31): Illuminate\\Foundation\\Http\\Middleware\\TransformsRequest->handle(Object(Illuminate\\Http\\Request), Object(Closure))
#52 /Users/greelogix/Herd/dev.esnadbusiness.com/vendor/laravel/framework/src/Illuminate/Pipeline/Pipeline.php(180): Illuminate\\Foundation\\Http\\Middleware\\ConvertEmptyStringsToNull->handle(Object(Illuminate\\Http\\Request), Object(Closure))
#53 /Users/greelogix/Herd/dev.esnadbusiness.com/vendor/laravel/framework/src/Illuminate/Foundation/Http/Middleware/TransformsRequest.php(21): Illuminate\\Pipeline\\Pipeline->Illuminate\\Pipeline\\{closure}(Object(Illuminate\\Http\\Request))
#54 /Users/greelogix/Herd/dev.esnadbusiness.com/vendor/laravel/framework/src/Illuminate/Foundation/Http/Middleware/TrimStrings.php(40): Illuminate\\Foundation\\Http\\Middleware\\TransformsRequest->handle(Object(Illuminate\\Http\\Request), Object(Closure))
#55 /Users/greelogix/Herd/dev.esnadbusiness.com/vendor/laravel/framework/src/Illuminate/Pipeline/Pipeline.php(180): Illuminate\\Foundation\\Http\\Middleware\\TrimStrings->handle(Object(Illuminate\\Http\\Request), Object(Closure))
#56 /Users/greelogix/Herd/dev.esnadbusiness.com/vendor/laravel/framework/src/Illuminate/Foundation/Http/Middleware/ValidatePostSize.php(27): Illuminate\\Pipeline\\Pipeline->Illuminate\\Pipeline\\{closure}(Object(Illuminate\\Http\\Request))
#57 /Users/greelogix/Herd/dev.esnadbusiness.com/vendor/laravel/framework/src/Illuminate/Pipeline/Pipeline.php(180): Illuminate\\Foundation\\Http\\Middleware\\ValidatePostSize->handle(Object(Illuminate\\Http\\Request), Object(Closure))
#58 /Users/greelogix/Herd/dev.esnadbusiness.com/vendor/laravel/framework/src/Illuminate/Foundation/Http/Middleware/PreventRequestsDuringMaintenance.php(86): Illuminate\\Pipeline\\Pipeline->Illuminate\\Pipeline\\{closure}(Object(Illuminate\\Http\\Request))
#59 /Users/greelogix/Herd/dev.esnadbusiness.com/vendor/laravel/framework/src/Illuminate/Pipeline/Pipeline.php(180): Illuminate\\Foundation\\Http\\Middleware\\PreventRequestsDuringMaintenance->handle(Object(Illuminate\\Http\\Request), Object(Closure))
#60 /Users/greelogix/Herd/dev.esnadbusiness.com/vendor/laravel/framework/src/Illuminate/Http/Middleware/HandleCors.php(49): Illuminate\\Pipeline\\Pipeline->Illuminate\\Pipeline\\{closure}(Object(Illuminate\\Http\\Request))
#61 /Users/greelogix/Herd/dev.esnadbusiness.com/vendor/laravel/framework/src/Illuminate/Pipeline/Pipeline.php(180): Illuminate\\Http\\Middleware\\HandleCors->handle(Object(Illuminate\\Http\\Request), Object(Closure))
#62 /Users/greelogix/Herd/dev.esnadbusiness.com/vendor/laravel/framework/src/Illuminate/Http/Middleware/TrustProxies.php(39): Illuminate\\Pipeline\\Pipeline->Illuminate\\Pipeline\\{closure}(Object(Illuminate\\Http\\Request))
#63 /Users/greelogix/Herd/dev.esnadbusiness.com/vendor/laravel/framework/src/Illuminate/Pipeline/Pipeline.php(180): Illuminate\\Http\\Middleware\\TrustProxies->handle(Object(Illuminate\\Http\\Request), Object(Closure))
#64 /Users/greelogix/Herd/dev.esnadbusiness.com/vendor/laravel/framework/src/Illuminate/Pipeline/Pipeline.php(116): Illuminate\\Pipeline\\Pipeline->Illuminate\\Pipeline\\{closure}(Object(Illuminate\\Http\\Request))
#65 /Users/greelogix/Herd/dev.esnadbusiness.com/vendor/laravel/framework/src/Illuminate/Foundation/Http/Kernel.php(175): Illuminate\\Pipeline\\Pipeline->then(Object(Closure))
#66 /Users/greelogix/Herd/dev.esnadbusiness.com/vendor/laravel/framework/src/Illuminate/Foundation/Http/Kernel.php(144): Illuminate\\Foundation\\Http\\Kernel->sendRequestThroughRouter(Object(Illuminate\\Http\\Request))
#67 /Users/greelogix/Herd/dev.esnadbusiness.com/public/index.php(14): Illuminate\\Foundation\\Http\\Kernel->handle(Object(Illuminate\\Http\\Request))
#68 /Users/greelogix/Herd/dev.esnadbusiness.com/vendor/laravel/framework/src/Illuminate/Foundation/resources/server.php(16): require_once('/Users/greelogi...')
#69 {main}
"} 
[2025-05-22 08:37:54] local.ERROR: Debugbar exception: SQLSTATE[HY000] [1045] Access denied for user 'root'@'localhost' (using password: NO) (Connection: mysql, SQL: select * from `sessions` where `id` = LA3ccvNuc9J7AFjvkIUiHCR11c5cC8LIfUgTOwBt limit 1)  
